Id,Predicted
1,0
2,1
3,1
4,0
5,1
6,1
7,0
8,0
9,1
10,1
11,0
12,0
13,1
14,0
15,0
16,0
17,0
18,0
19,1
20,1
21,1
22,0
23,0
24,1
25,1
26,1
27,0
28,0
29,1
30,0
31,0
32,0
33,1
34,1
35,0
36,0
37,0
38,1
39,1
40,1
41,0
42,1
43,1
44,0
45,0
46,0
47,0
48,1
49,0
50,0
51,1
52,0
53,1
54,1
55,1
56,1
57,0
58,1
59,0
60,1
61,1
62,0
63,1
64,1
65,1
66,0
67,1
68,1
69,0
70,0
71,0
72,0
73,1
74,0
75,0
76,0
77,1
78,0
79,0
80,0
81,0
82,1
83,1
84,1
85,1
86,1
87,1
88,1
89,0
90,1
91,1
92,1
93,1
94,0
95,1
96,0
97,1
98,1
99,1
100,0
101,1
102,1
103,1
104,0
105,0
106,0
107,0
108,0
109,0
110,0
111,0
112,1
113,1
114,1
115,0
116,0
117,1
118,0
119,1
120,0
121,1
122,1
123,0
124,1
125,0
126,1
127,1
128,1
129,1
130,1
131,1
132,0
133,0
134,1
135,1
136,1
137,0
138,1
139,0
140,0
141,0
142,0
143,0
144,0
145,0
146,0
147,1
148,0
149,0
150,1
151,1
152,0
153,0
154,0
155,1
156,0
157,0
158,0
159,1
160,0
161,1
162,0
163,1
164,0
165,1
166,1
167,0
168,0
169,0
170,0
171,0
172,1
173,1
174,0
175,1
176,1
177,0
178,0
179,0
180,1
181,0
182,1
183,0
184,0
185,1
186,0
187,1
188,1
189,1
190,1
191,1
192,1
193,0
194,1
195,1
196,1
197,1
198,1
199,1
200,0
201,1
202,0
203,1
204,0
205,1
206,0
207,0
208,1
209,1
210,0
211,0
212,0
213,0
214,0
215,0
216,0
217,1
218,1
219,1
220,0
221,1
222,1
223,0
224,0
225,0
226,0
227,0
228,0
229,0
230,1
231,0
232,1
233,0
234,1
235,0
236,0
237,0
238,1
239,1
240,0
241,1
242,1
243,1
244,0
245,1
246,0
247,0
248,0
249,1
250,0
251,1
252,1
253,0
254,0
255,0
256,0
257,0
258,0
259,0
260,1
261,1
262,1
263,0
264,1
265,0
266,0
267,0
268,0
269,1
270,1
271,0
272,0
273,1
274,0
275,1
276,0
277,0
278,0
279,0
280,1
281,1
282,1
283,1
284,1
285,0
286,1
287,1
288,1
289,1
290,0
291,1
292,1
293,0
294,0
295,0
296,0
297,1
298,1
299,0
300,1
301,1
302,0
303,1
304,1
305,0
306,1
307,0
308,0
309,1
310,1
311,0
312,0
313,0
314,1
315,0
316,0
317,1
318,1
319,0
320,0
321,0
322,1
323,1
324,0
325,0
326,0
327,0
328,1
329,0
330,0
331,0
332,0
333,0
334,0
335,1
336,0
337,0
338,0
339,0
340,0
341,0
342,1
343,1
344,0
345,0
346,0
347,0
348,1
349,0
350,0
351,1
352,1
353,1
354,0
355,1
356,1
357,0
358,1
359,1
360,0
361,1
362,1
363,1
364,1
365,1
366,0
367,1
368,0
369,1
370,1
371,1
372,0
373,1
374,0
375,0
376,1
377,1
378,0
379,1
380,1
381,1
382,1
383,1
384,1
385,1
386,0
387,0
388,1
389,1
390,0
391,1
392,0
393,0
394,1
395,0
396,1
397,1
398,1
399,1
400,1
401,0
402,0
403,1
404,1
405,0
406,1
407,0
408,0
409,1
410,1
411,1
412,0
413,1
414,1
415,1
416,1
417,0
418,0
419,0
420,1
421,1
422,0
423,1
424,1
425,0
426,1
427,0
428,0
429,0
430,1
431,0
432,0
433,1
434,1
435,0
436,1
437,0
438,0
439,1
440,1
441,0
442,1
443,0
444,1
445,0
446,0
447,0
448,0
449,1
450,0
451,0
452,1
453,0
454,0
455,1
456,0
457,1
458,0
459,1
460,1
461,0
462,0
463,1
464,0
465,1
466,1
467,1
468,1
469,1
470,1
471,0
472,0
473,0
474,0
475,1
476,1
477,0
478,0
479,0
480,0
481,1
482,0
483,0
484,1
485,0
486,0
487,0
488,1
489,1
490,1
491,0
492,1
493,1
494,1
495,0
496,1
497,0
498,0
499,0
500,0
501,0
502,1
503,0
504,1
505,1
506,0
507,0
508,1
509,0
510,1
511,0
512,0
513,0
514,1
515,1
516,0
517,0
518,0
519,1
520,1
521,1
522,0
523,1
524,1
525,1
526,1
527,1
528,1
529,0
530,1
531,1
532,0
533,0
534,1
535,1
536,1
537,0
538,0
539,1
540,0
541,1
542,0
543,1
544,0
545,1
546,0
547,1
548,1
549,0
550,0
551,1
552,0
553,0
554,1
555,1
556,0
557,1
558,0
559,1
560,0
561,0
562,1
563,1
564,0
565,1
566,0
567,1
568,0
569,0
570,1
571,0
572,1
573,0
574,1
575,1
576,1
577,0
578,1
579,1
580,1
581,1
582,1
583,0
584,1
585,0
586,0
587,0
588,0
589,0
590,1
591,1
592,0
593,0
594,1
595,1
596,0
597,0
598,1
599,0
600,1
601,0
602,0
603,1
604,0
605,0
606,0
607,1
608,0
609,0
610,0
611,1
612,0
613,1
614,0
615,1
616,0
617,0
618,0
619,1
620,1
621,1
622,0
623,0
624,1
625,0
626,0
627,1
628,1
629,1
630,1
631,0
632,0
633,0
634,1
635,0
636,0
637,0
638,1
639,1
640,1
641,1
642,0
643,0
644,1
645,1
646,0
647,1
648,0
649,1
650,1
651,0
652,0
653,0
654,0
655,0
656,0
657,0
658,0
659,0
660,0
661,0
662,0
663,0
664,0
665,0
666,1
667,1
668,0
669,0
670,0
671,1
672,0
673,0
674,1
675,1
676,0
677,0
678,0
679,0
680,0
681,0
682,1
683,0
684,0
685,0
686,1
687,0
688,1
689,0
690,0
691,1
692,0
693,1
694,0
695,1
696,0
697,0
698,1
699,1
700,0
701,0
702,0
703,0
704,1
705,1
706,1
707,0
708,0
709,0
710,0
711,1
712,1
713,0
714,1
715,1
716,0
717,1
718,0
719,0
720,1
721,0
722,1
723,0
724,0
725,1
726,0
727,1
728,0
729,1
730,0
731,0
732,1
733,1
734,0
735,1
736,1
737,0
738,1
739,0
740,1
741,0
742,1
743,1
744,0
745,0
746,1
747,1
748,0
749,0
750,1
751,1
752,0
753,0
754,0
755,0
756,0
757,1
758,1
759,1
760,0
761,0
762,1
763,1
764,1
765,0
766,0
767,0
768,1
769,1
770,0
771,0
772,0
773,1
774,1
775,0
776,1
777,1
778,1
779,1
780,0
781,0
782,1
783,1
784,1
785,0
786,1
787,0
788,0
789,0
790,1
791,1
792,1
793,0
794,0
795,1
796,0
797,0
798,0
799,0
800,1
801,1
802,0
803,0
804,1
805,0
806,0
807,1
808,1
809,1
810,0
811,0
812,0
813,1
814,0
815,0
816,1
817,1
818,0
819,1
820,1
821,0
822,1
823,0
824,0
825,1
826,0
827,0
828,0
829,0
830,0
831,0
832,1
833,0
834,0
835,0
836,0
837,1
838,1
839,0
840,0
841,0
842,1
843,1
844,0
845,0
846,1
847,1
848,1
849,1
850,0
851,0
852,1
853,1
854,1
855,1
856,0
857,0
858,0
859,1
860,1
861,0
862,0
863,0
864,1
865,1
866,0
867,0
868,0
869,1
870,0
871,1
872,0
873,1
874,0
875,0
876,1
877,0
878,1
879,1
880,0
881,1
882,1
883,1
884,1
885,1
886,0
887,0
888,1
889,0
890,1
891,1
892,0
893,1
894,1
895,1
896,1
897,1
898,1
899,1
900,1
901,0
902,0
903,0
904,0
905,0
906,1
907,1
908,0
909,1
910,1
911,0
912,1
913,0
914,0
915,0
916,1
917,1
918,0
919,0
920,0
921,0
922,0
923,1
924,1
925,0
926,1
927,1
928,1
929,0
930,0
931,1
932,1
933,0
934,1
935,0
936,1
937,1
938,1
939,0
940,0
941,1
942,0
943,0
944,0
945,1
946,1
947,1
948,1
949,1
950,1
951,1
952,1
953,0
954,0
955,0
956,0
957,1
958,1
959,1
960,1
961,1
962,1
963,1
964,1
965,1
966,0
967,1
968,0
969,0
970,0
971,0
972,1
973,0
974,0
975,0
976,0
977,0
978,1
979,0
980,1
981,0
982,1
983,0
984,0
985,0
986,1
987,0
988,1
989,1
990,0
991,0
992,1
993,0
994,0
995,0
996,0
997,1
998,1
999,1
1000,1
1001,0
1002,1
1003,1
1004,1
1005,0
1006,1
1007,0
1008,0
1009,0
1010,1
1011,1
1012,0
1013,1
1014,1
1015,1
1016,0
1017,1
1018,0
1019,1
1020,0
1021,0
1022,1
1023,0
1024,1
1025,0
1026,0
1027,0
1028,1
1029,1
1030,0
1031,1
1032,0
1033,0
1034,0
1035,0
1036,0
1037,0
1038,0
1039,1
1040,1
1041,0
1042,0
1043,1
1044,1
1045,0
1046,1
1047,1
1048,1
1049,0
1050,1
1051,0
1052,1
1053,1
1054,1
1055,1
1056,1
1057,1
1058,1
1059,1
1060,0
1061,0
1062,0
1063,0
1064,0
1065,1
1066,0
1067,1
1068,1
1069,1
1070,1
1071,1
1072,0
1073,0
1074,1
1075,0
1076,0
1077,0
1078,0
1079,0
1080,1
1081,0
1082,1
1083,0
1084,1
1085,1
1086,1
1087,1
1088,0
1089,0
1090,1
1091,1
1092,0
1093,0
1094,1
1095,0
1096,0
1097,0
1098,1
1099,1
1100,1
1101,0
1102,1
1103,0
1104,0
1105,1
1106,1
1107,0
1108,0
1109,1
1110,1
1111,1
1112,1
1113,0
1114,1
1115,1
1116,1
1117,1
1118,1
1119,1
1120,0
1121,1
1122,1
1123,0
1124,1
1125,1
1126,1
1127,1
1128,0
1129,1
1130,1
1131,0
1132,1
1133,0
1134,1
1135,1
1136,1
1137,1
1138,0
1139,1
1140,0
1141,0
1142,0
1143,0
1144,0
1145,1
1146,1
1147,0
1148,1
1149,0
1150,0
1151,0
1152,1
1153,0
1154,0
1155,1
1156,1
1157,0
1158,1
1159,0
1160,0
1161,1
1162,0
1163,1
1164,1
1165,1
1166,1
1167,0
1168,1
1169,1
1170,1
1171,1
1172,1
1173,1
1174,0
1175,1
1176,1
1177,1
1178,1
1179,0
1180,0
1181,1
1182,1
1183,1
1184,0
1185,0
1186,1
1187,0
1188,0
1189,1
1190,0
1191,1
1192,0
1193,1
1194,1
1195,0
1196,1
1197,1
1198,1
1199,0
1200,0
1201,0
1202,1
1203,1
1204,0
1205,0
1206,1
1207,1
1208,1
1209,0
1210,1
1211,1
1212,0
1213,1
1214,1
1215,0
1216,0
1217,0
1218,1
1219,1
1220,1
1221,0
1222,0
1223,0
1224,0
1225,1
1226,0
1227,1
1228,1
1229,1
1230,1
1231,1
1232,1
1233,1
1234,0
1235,0
1236,0
1237,0
1238,1
1239,0
1240,0
1241,0
1242,0
1243,0
1244,0
1245,0
1246,0
1247,0
1248,1
1249,1
1250,0
1251,1
1252,1
1253,0
1254,1
1255,0
1256,0
1257,1
1258,1
1259,1
1260,0
1261,1
1262,1
1263,0
1264,0
1265,0
1266,0
1267,1
1268,0
1269,1
1270,1
1271,0
1272,1
1273,1
1274,0
1275,1
1276,1
1277,1
1278,1
1279,1
1280,1
1281,0
1282,1
1283,0
1284,0
1285,1
1286,1
1287,1
1288,0
1289,0
1290,0
1291,0
1292,0
1293,1
1294,0
1295,1
1296,0
1297,0
1298,1
1299,0
1300,1
1301,0
1302,0
1303,1
1304,1
1305,1
1306,1
1307,0
1308,0
1309,1
1310,1
1311,1
1312,1
1313,1
1314,1
1315,1
1316,0
1317,1
1318,0
1319,1
1320,1
1321,0
1322,0
1323,0
1324,1
1325,0
1326,0
1327,0
1328,0
1329,0
1330,0
1331,0
1332,0
1333,0
1334,1
1335,1
1336,0
1337,0
1338,0
1339,1
1340,0
1341,0
1342,1
1343,1
1344,0
1345,0
1346,1
1347,1
1348,0
1349,0
1350,0
1351,0
1352,1
1353,0
1354,1
1355,0
1356,0
1357,0
1358,0
1359,0
1360,0
1361,0
1362,0
1363,0
1364,1
1365,1
1366,1
1367,1
1368,0
1369,0
1370,0
1371,0
1372,0
1373,1
1374,1
1375,1
1376,1
1377,1
1378,0
1379,1
1380,1
1381,0
1382,0
1383,0
1384,0
1385,0
1386,0
1387,0
1388,1
1389,0
1390,0
1391,1
1392,0
1393,1
1394,0
1395,0
1396,0
1397,0
1398,1
1399,0
1400,1
1401,0
1402,1
1403,1
1404,1
1405,1
1406,1
1407,1
1408,1
1409,1
1410,1
1411,0
1412,0
1413,1
1414,0
1415,0
1416,0
1417,0
1418,1
1419,1
1420,0
1421,0
1422,0
1423,1
1424,1
1425,0
1426,0
1427,1
1428,0
1429,0
1430,1
1431,1
1432,1
1433,1
1434,1
1435,0
1436,1
1437,0
1438,1
1439,1
1440,1
1441,0
1442,0
1443,1
1444,1
1445,1
1446,1
1447,1
1448,0
1449,0
1450,1
1451,1
1452,0
1453,0
1454,1
1455,0
1456,0
1457,1
1458,0
1459,0
1460,1
1461,0
1462,0
1463,0
1464,1
1465,0
1466,0
1467,1
1468,1
1469,0
1470,1
1471,1
1472,0
1473,1
1474,1
1475,1
1476,0
1477,1
1478,1
1479,0
1480,0
1481,0
1482,0
1483,0
1484,0
1485,0
1486,0
1487,0
1488,0
1489,1
1490,1
1491,1
1492,1
1493,0
1494,0
1495,0
1496,0
1497,1
1498,1
1499,1
1500,0
1501,1
1502,1
1503,0
1504,0
1505,1
1506,1
1507,0
1508,1
1509,0
1510,0
1511,0
1512,1
1513,1
1514,1
1515,1
1516,1
1517,0
1518,1
1519,0
1520,0
1521,1
1522,1
1523,1
1524,1
1525,0
1526,0
1527,1
1528,0
1529,0
1530,1
1531,0
1532,0
1533,1
1534,0
1535,1
1536,1
1537,1
1538,0
1539,1
1540,0
1541,1
1542,1
1543,0
1544,0
1545,1
1546,1
1547,0
1548,1
1549,1
1550,0
1551,0
1552,0
1553,1
1554,1
1555,1
1556,1
1557,0
1558,0
1559,0
1560,0
1561,0
1562,0
1563,0
1564,0
1565,0
1566,0
1567,1
1568,0
1569,1
1570,0
1571,0
1572,1
1573,0
1574,0
1575,0
1576,0
1577,0
1578,0
1579,0
1580,0
1581,1
1582,0
1583,1
1584,1
1585,0
1586,1
1587,1
1588,1
1589,0
1590,1
1591,0
1592,1
1593,0
1594,1
1595,1
1596,0
1597,1
1598,0
1599,0
1600,0
1601,0
1602,1
1603,0
1604,0
1605,1
1606,0
1607,0
1608,0
1609,0
1610,1
1611,1
1612,1
1613,1
1614,0
1615,0
1616,0
1617,1
1618,1
1619,0
1620,1
1621,1
1622,0
1623,0
1624,1
1625,0
1626,1
1627,0
1628,1
1629,1
1630,1
1631,1
1632,1
1633,1
1634,0
1635,0
1636,0
1637,1
1638,0
1639,1
1640,0
1641,1
1642,1
1643,1
1644,1
1645,1
1646,1
1647,0
1648,1
1649,1
1650,1
1651,0
1652,0
1653,0
1654,1
1655,0
1656,1
1657,0
1658,0
1659,0
1660,0
1661,0
1662,1
1663,0
1664,0
1665,0
1666,1
1667,1
1668,0
1669,0
1670,1
1671,1
1672,0
1673,0
1674,0
1675,1
1676,1
1677,0
1678,0
1679,1
1680,1
1681,1
1682,1
1683,0
1684,1
1685,0
1686,1
1687,0
1688,1
1689,1
1690,1
1691,0
1692,0
1693,0
1694,1
1695,1
1696,0
1697,1
1698,1
1699,1
1700,1
1701,1
1702,0
1703,1
1704,1
1705,1
1706,0
1707,0
1708,0
1709,0
1710,1
1711,0
1712,0
1713,0
1714,1
1715,0
1716,1
1717,1
1718,0
1719,1
1720,1
1721,1
1722,1
1723,1
1724,1
1725,0
1726,1
1727,0
1728,1
1729,1
1730,1
1731,0
1732,0
1733,0
1734,0
1735,0
1736,0
1737,0
1738,0
1739,1
1740,1
1741,1
1742,1
1743,1
1744,1
1745,1
1746,0
1747,0
1748,0
1749,0
1750,0
1751,0
1752,1
1753,1
1754,1
1755,0
1756,1
1757,1
1758,0
1759,1
1760,0
1761,1
1762,0
1763,1
1764,0
1765,1
1766,1
1767,0
1768,0
1769,0
1770,1
1771,0
1772,0
1773,1
1774,0
1775,1
1776,0
1777,0
1778,0
1779,0
1780,1
1781,1
1782,0
1783,0
1784,1
1785,0
1786,1
1787,1
1788,0
1789,1
1790,0
1791,0
1792,1
1793,0
1794,0
1795,0
1796,1
1797,0
1798,0
1799,0
1800,1
1801,1
1802,0
1803,1
1804,0
1805,0
1806,0
1807,0
1808,1
1809,0
1810,1
1811,0
1812,1
1813,1
1814,0
1815,1
1816,0
1817,0
1818,1
1819,0
1820,1
1821,0
1822,0
1823,0
1824,0
1825,1
1826,1
1827,0
1828,1
1829,0
1830,1
1831,0
1832,0
1833,1
1834,1
1835,0
1836,0
1837,1
1838,0
1839,1
1840,0
1841,0
1842,1
1843,1
1844,1
1845,0
1846,0
1847,1
1848,1
1849,1
1850,0
1851,1
1852,1
1853,0
1854,1
1855,0
1856,1
1857,1
1858,0
1859,0
1860,1
1861,1
1862,1
1863,1
1864,0
1865,0
1866,1
1867,0
1868,1
1869,1
1870,1
1871,0
1872,0
1873,1
1874,0
1875,0
1876,0
1877,0
1878,1
1879,0
1880,1
1881,0
1882,1
1883,1
1884,0
1885,0
1886,0
1887,0
1888,1
1889,0
1890,1
1891,0
1892,0
1893,1
1894,1
1895,0
1896,0
1897,1
1898,0
1899,1
1900,0
1901,0
1902,0
1903,0
1904,0
1905,1
1906,0
1907,1
1908,1
1909,0
1910,0
1911,0
1912,0
1913,1
1914,0
1915,1
1916,1
1917,1
1918,0
1919,0
1920,1
1921,0
1922,0
1923,1
1924,1
1925,1
1926,0
1927,0
1928,0
1929,0
1930,0
1931,1
1932,1
1933,0
1934,1
1935,1
1936,0
1937,0
1938,1
1939,1
1940,1
1941,1
1942,0
1943,1
1944,1
1945,0
1946,1
1947,1
1948,0
1949,1
1950,1
1951,1
1952,0
1953,0
1954,1
1955,0
1956,0
1957,1
1958,0
1959,1
1960,1
1961,0
1962,1
1963,1
1964,1
1965,0
1966,1
1967,0
1968,0
1969,0
1970,0
1971,0
1972,0
1973,0
1974,1
1975,1
1976,0
1977,0
1978,0
1979,0
1980,1
1981,1
1982,0
1983,0
1984,0
1985,0
1986,0
1987,1
1988,1
1989,1
1990,0
1991,0
1992,0
1993,0
1994,1
1995,1
1996,1
1997,1
1998,1
1999,1
2000,1
2001,0
2002,0
2003,0
2004,0
2005,0
2006,0
2007,0
2008,0
2009,0
2010,1
2011,1
2012,0
2013,0
2014,1
2015,1
2016,1
2017,0
2018,0
2019,1
2020,0
2021,1
2022,0
2023,1
2024,1
2025,1
2026,1
2027,1
2028,0
2029,1
2030,1
2031,1
2032,1
2033,1
2034,0
2035,0
2036,0
2037,0
2038,0
2039,1
2040,1
2041,0
2042,0
2043,0
2044,1
2045,1
2046,0
2047,0
2048,0
2049,1
2050,1
2051,0
2052,1
2053,0
2054,0
2055,0
2056,0
2057,0
2058,1
2059,0
2060,0
2061,1
2062,0
2063,1
2064,1
2065,1
2066,0
2067,0
2068,0
2069,1
2070,1
2071,0
2072,0
2073,0
2074,0
2075,1
2076,0
2077,1
2078,0
2079,0
2080,1
2081,0
2082,1
2083,0
2084,1
2085,1
2086,1
2087,1
2088,0
2089,1
2090,1
2091,1
2092,0
2093,1
2094,1
2095,0
2096,0
2097,0
2098,1
2099,1
2100,0
2101,1
2102,1
2103,1
2104,0
2105,0
2106,0
2107,0
2108,0
2109,0
2110,1
2111,1
2112,0
2113,1
2114,0
2115,0
2116,0
2117,1
2118,1
2119,0
2120,0
2121,1
2122,0
2123,0
2124,0
2125,0
2126,0
2127,0
2128,0
2129,1
2130,1
2131,0
2132,1
2133,0
2134,1
2135,1
2136,0
2137,0
2138,1
2139,0
2140,1
2141,0
2142,0
2143,0
2144,1
2145,1
2146,0
2147,0
2148,0
2149,1
2150,1
2151,0
2152,0
2153,0
2154,1
2155,0
2156,0
2157,0
2158,1
2159,1
2160,0
2161,0
2162,0
2163,0
2164,1
2165,1
2166,0
2167,1
2168,1
2169,1
2170,0
2171,0
2172,0
2173,1
2174,0
2175,1
2176,1
2177,0
2178,1
2179,1
2180,1
2181,1
2182,1
2183,1
2184,0
2185,1
2186,1
2187,1
2188,0
2189,0
2190,0
2191,1
2192,1
2193,0
2194,0
2195,1
2196,1
2197,0
2198,1
2199,1
2200,1
2201,0
2202,1
2203,0
2204,1
2205,0
2206,1
2207,1
2208,0
2209,0
2210,0
2211,1
2212,0
2213,0
2214,0
2215,0
2216,1
2217,1
2218,1
2219,0
2220,1
2221,0
2222,0
2223,1
2224,0
2225,0
2226,0
2227,0
2228,0
2229,1
2230,0
2231,1
2232,1
2233,0
2234,1
2235,0
2236,1
2237,1
2238,1
2239,0
2240,1
2241,1
2242,0
2243,1
2244,1
2245,1
2246,0
2247,1
2248,1
2249,0
2250,0
2251,1
2252,0
2253,1
2254,1
2255,0
2256,0
2257,1
2258,0
2259,1
2260,0
2261,0
2262,1
2263,1
2264,1
2265,0
2266,1
2267,0
2268,0
2269,0
2270,1
2271,1
2272,0
2273,0
2274,1
2275,0
2276,1
2277,0
2278,0
2279,0
2280,1
2281,0
2282,0
2283,1
2284,1
2285,0
2286,1
2287,0
2288,1
2289,0
2290,0
2291,0
2292,1
2293,0
2294,0
2295,1
2296,0
2297,0
2298,1
2299,1
2300,0
2301,1
2302,0
2303,1
2304,0
2305,1
2306,1
2307,0
2308,0
2309,1
2310,0
2311,0
2312,0
2313,1
2314,0
2315,1
2316,0
2317,1
2318,0
2319,1
2320,0
2321,0
2322,1
2323,0
2324,0
2325,1
2326,1
2327,0
2328,0
2329,0
2330,1
2331,0
2332,1
2333,1
2334,0
2335,1
2336,1
2337,0
2338,0
2339,0
2340,0
2341,1
2342,0
2343,0
2344,0
2345,1
2346,1
2347,1
2348,0
2349,0
2350,0
2351,1
2352,1
2353,1
2354,1
2355,1
2356,1
2357,0
2358,1
2359,0
2360,0
2361,1
2362,1
2363,0
2364,0
2365,0
2366,0
2367,0
2368,0
2369,0
2370,0
2371,1
2372,0
2373,0
2374,0
2375,0
2376,1
2377,0
2378,0
2379,0
2380,1
2381,1
2382,0
2383,0
2384,0
2385,1
2386,1
2387,1
2388,1
2389,0
2390,1
2391,1
2392,0
2393,1
2394,0
2395,0
2396,0
2397,1
2398,1
2399,0
2400,1
2401,0
2402,0
2403,0
2404,1
2405,1
2406,1
2407,0
2408,1
2409,0
2410,0
2411,0
2412,1
2413,0
2414,0
2415,1
2416,1
2417,0
2418,1
2419,0
2420,0
2421,1
2422,0
2423,1
2424,0
2425,0
2426,1
2427,1
2428,0
2429,0
2430,1
2431,0
2432,0
2433,0
2434,1
2435,0
2436,0
2437,0
2438,0
2439,0
2440,1
2441,1
2442,0
2443,1
2444,0
2445,0
2446,0
2447,0
2448,1
2449,0
2450,0
2451,1
2452,1
2453,0
2454,1
2455,1
2456,1
2457,1
2458,0
2459,0
2460,1
2461,1
2462,0
2463,1
2464,1
2465,0
2466,1
2467,1
2468,1
2469,1
2470,1
2471,1
2472,1
2473,1
2474,1
2475,0
2476,0
2477,0
2478,0
2479,1
2480,0
2481,1
2482,1
2483,0
2484,0
2485,1
2486,1
2487,0
2488,1
2489,0
2490,1
2491,1
2492,0
2493,0
2494,0
2495,1
2496,1
2497,1
2498,1
2499,1
2500,0
2501,1
2502,0
2503,1
2504,1
2505,0
2506,0
2507,0
2508,1
2509,0
2510,0
2511,1
2512,0
2513,0
2514,0
2515,1
2516,0
2517,1
2518,1
2519,0
2520,1
2521,1
2522,1
2523,1
2524,0
2525,0
2526,1
2527,1
2528,1
2529,1
2530,0
2531,0
2532,0
2533,0
2534,0
2535,0
2536,1
2537,0
2538,0
2539,1
2540,0
2541,0
2542,0
2543,0
2544,0
2545,1
2546,1
2547,1
2548,0
2549,1
2550,1
2551,1
2552,0
2553,1
2554,0
2555,0
2556,0
2557,1
2558,0
2559,0
2560,1
2561,1
2562,0
2563,1
2564,0
2565,0
2566,0
2567,1
2568,0
2569,0
2570,0
2571,1
2572,1
2573,0
2574,1
2575,1
2576,0
2577,1
2578,1
2579,0
2580,1
2581,1
2582,0
2583,0
2584,1
2585,1
2586,1
2587,0
2588,0
2589,1
2590,1
2591,1
2592,0
2593,0
2594,0
2595,0
2596,1
2597,0
2598,1
2599,1
2600,0
2601,0
2602,0
2603,1
2604,1
2605,0
2606,0
2607,0
2608,1
2609,0
2610,0
2611,0
2612,0
2613,1
2614,0
2615,1
2616,0
2617,0
2618,0
2619,1
2620,0
2621,1
2622,0
2623,0
2624,1
2625,1
2626,0
2627,0
2628,1
2629,0
2630,0
2631,0
2632,1
2633,1
2634,1
2635,0
2636,1
2637,0
2638,1
2639,1
2640,0
2641,0
2642,1
2643,1
2644,0
2645,0
2646,0
2647,0
2648,0
2649,0
2650,1
2651,0
2652,0
2653,1
2654,0
2655,0
2656,0
2657,0
2658,0
2659,1
2660,1
2661,0
2662,0
2663,0
2664,1
2665,1
2666,1
2667,0
2668,0
2669,0
2670,0
2671,0
2672,0
2673,0
2674,0
2675,0
2676,1
2677,1
2678,0
2679,0
2680,0
2681,1
2682,1
2683,0
2684,1
2685,1
2686,0
2687,1
2688,1
2689,1
2690,1
2691,0
2692,0
2693,1
2694,0
2695,1
2696,1
2697,1
2698,1
2699,1
2700,1
2701,1
2702,0
2703,1
2704,0
2705,0
2706,1
2707,1
2708,0
2709,1
2710,0
2711,1
2712,0
2713,0
2714,1
2715,0
2716,0
2717,1
2718,1
2719,1
2720,1
2721,0
2722,1
2723,0
2724,0
2725,1
2726,1
2727,0
2728,0
2729,0
2730,0
2731,0
2732,1
2733,0
2734,1
2735,0
2736,0
2737,1
2738,1
2739,1
2740,0
2741,1
2742,0
2743,1
2744,0
2745,1
2746,0
2747,1
2748,0
2749,1
2750,0
2751,1
2752,1
2753,0
2754,1
2755,0
2756,0
2757,1
2758,0
2759,0
2760,0
2761,0
2762,1
2763,0
2764,1
2765,0
2766,1
2767,0
2768,1
2769,1
2770,0
2771,1
2772,1
2773,0
2774,0
2775,1
2776,1
2777,0
2778,1
2779,0
2780,1
2781,1
2782,1
2783,0
2784,1
2785,0
2786,0
2787,1
2788,0
2789,1
2790,1
2791,0
2792,1
2793,1
2794,0
2795,1
2796,1
2797,1
2798,0
2799,0
2800,1
2801,1
2802,0
2803,1
2804,0
2805,1
2806,0
2807,0
2808,0
2809,1
2810,1
2811,0
2812,0
2813,1
2814,0
2815,0
2816,0
2817,0
2818,0
2819,1
2820,0
2821,1
2822,0
2823,1
2824,0
2825,0
2826,1
2827,0
2828,0
2829,1
2830,1
2831,0
2832,1
2833,1
2834,1
2835,0
2836,0
2837,1
2838,1
2839,1
2840,0
2841,0
2842,1
2843,0
2844,1
2845,1
2846,1
2847,1
2848,0
2849,1
2850,0
2851,1
2852,0
2853,1
2854,0
2855,0
2856,0
2857,1
2858,1
2859,0
2860,0
2861,1
2862,0
2863,0
2864,1
2865,1
2866,1
2867,1
2868,1
2869,0
2870,0
2871,0
2872,1
2873,1
2874,1
2875,1
2876,0
2877,0
2878,0
2879,0
2880,0
2881,0
2882,0
2883,0
2884,1
2885,0
2886,0
2887,0
2888,1
2889,1
2890,0
2891,1
2892,0
2893,1
2894,0
2895,1
2896,0
2897,1
2898,0
2899,0
2900,1
2901,1
2902,1
2903,1
2904,1
2905,1
2906,1
2907,0
2908,1
2909,0
2910,1
2911,0
2912,0
2913,0
2914,1
2915,0
2916,1
2917,1
2918,1
2919,1
2920,1
2921,0
2922,0
2923,1
2924,1
2925,0
2926,1
2927,0
2928,1
2929,1
2930,1
2931,1
2932,0
2933,1
2934,0
2935,0
2936,1
2937,0
2938,0
2939,0
2940,1
2941,0
2942,0
2943,1
2944,0
2945,0
2946,0
2947,0
2948,0
2949,1
2950,0
2951,1
2952,0
2953,1
2954,0
2955,0
2956,1
2957,1
2958,0
2959,1
2960,0
2961,0
2962,0
2963,1
2964,0
2965,0
2966,1
2967,0
2968,0
2969,1
2970,0
2971,0
2972,1
2973,1
2974,1
2975,0
2976,0
2977,1
2978,1
2979,1
2980,1
2981,0
2982,0
2983,0
2984,0
2985,1
2986,1
2987,0
2988,0
2989,0
2990,0
2991,0
2992,1
2993,0
2994,0
2995,1
2996,0
2997,0
2998,1
2999,0
3000,0
3001,0
3002,0
3003,0
3004,1
3005,1
3006,0
3007,1
3008,1
3009,0
3010,0
3011,1
3012,0
3013,1
3014,1
3015,1
3016,0
3017,1
3018,1
3019,0
3020,0
3021,1
3022,0
3023,1
3024,0
3025,0
3026,0
3027,1
3028,1
3029,0
3030,1
3031,0
3032,0
3033,1
3034,1
3035,1
3036,1
3037,0
3038,1
3039,0
3040,1
3041,0
3042,0
3043,1
3044,1
3045,0
3046,1
3047,1
3048,0
3049,0
3050,1
3051,1
3052,1
3053,1
3054,1
3055,0
3056,1
3057,1
3058,0
3059,1
3060,1
3061,0
3062,1
3063,0
3064,1
3065,0
3066,0
3067,0
3068,0
3069,1
3070,1
3071,0
3072,1
3073,0
3074,0
3075,0
3076,0
3077,1
3078,1
3079,0
3080,1
3081,1
3082,1
3083,0
3084,0
3085,0
3086,0
3087,1
3088,1
3089,0
3090,1
3091,0
3092,1
3093,0
3094,1
3095,1
3096,1
3097,0
3098,1
3099,1
3100,0
3101,1
3102,0
3103,1
3104,0
3105,1
3106,0
3107,1
3108,1
3109,1
3110,0
3111,0
3112,1
3113,0
3114,1
3115,0
3116,1
3117,1
3118,0
3119,0
3120,1
3121,1
3122,0
3123,1
3124,1
3125,1
3126,1
3127,0
3128,0
3129,1
3130,0
3131,1
3132,0
3133,1
3134,0
3135,1
3136,1
3137,0
3138,0
3139,1
3140,0
3141,0
3142,1
3143,0
3144,0
3145,1
3146,1
3147,1
3148,1
3149,0
3150,0
3151,1
3152,0
3153,1
3154,1
3155,1
3156,1
3157,0
3158,1
3159,0
3160,0
3161,1
3162,0
3163,0
3164,1
3165,1
3166,1
3167,0
3168,1
3169,1
3170,1
3171,0
3172,1
3173,0
3174,1
3175,1
3176,1
3177,1
3178,0
3179,1
3180,0
3181,1
3182,0
3183,0
3184,0
3185,0
3186,1
3187,1
3188,1
3189,0
3190,1
3191,0
3192,0
3193,0
3194,1
3195,1
3196,0
3197,0
3198,1
3199,1
3200,0
3201,0
3202,0
3203,0
3204,1
3205,0
3206,0
3207,1
3208,0
3209,0
3210,0
3211,1
3212,0
3213,1
3214,0
3215,0
3216,1
3217,1
3218,1
3219,1
3220,1
3221,1
3222,1
3223,0
3224,1
3225,1
3226,1
3227,0
3228,1
3229,0
3230,1
3231,1
3232,1
3233,0
3234,1
3235,0
3236,0
3237,0
3238,0
3239,0
3240,0
3241,0
3242,0
3243,0
3244,0
3245,0
3246,1
3247,0
3248,1
3249,1
3250,1
3251,0
3252,0
3253,1
3254,0
3255,0
3256,1
3257,1
3258,1
3259,0
3260,1
3261,1
3262,0
3263,1
3264,1
3265,0
3266,1
3267,1
3268,1
3269,0
3270,1
3271,0
3272,1
3273,0
3274,1
3275,1
3276,1
3277,1
3278,0
3279,0
3280,1
3281,0
3282,1
3283,0
3284,0
3285,1
3286,0
3287,0
3288,1
3289,1
3290,0
3291,1
3292,0
3293,1
3294,0
3295,1
3296,0
3297,1
3298,0
3299,0
3300,0
3301,1
3302,1
3303,0
3304,1
3305,1
3306,1
3307,0
3308,1
3309,0
3310,1
3311,0
3312,1
3313,1
3314,1
3315,0
3316,0
3317,0
3318,1
3319,1
3320,0
3321,0
3322,1
3323,1
3324,1
3325,0
3326,1
3327,1
3328,0
3329,1
3330,1
3331,0
3332,0
3333,1
3334,0
3335,0
3336,1
3337,1
3338,1
3339,0
3340,0
3341,0
3342,1
3343,0
3344,1
3345,0
3346,0
3347,0
3348,0
3349,0
3350,1
3351,0
3352,1
3353,1
3354,0
3355,0
3356,0
3357,1
3358,0
3359,0
3360,0
3361,1
3362,0
3363,0
3364,1
3365,1
3366,1
3367,0
3368,1
3369,1
3370,0
3371,1
3372,0
3373,0
3374,1
3375,0
3376,1
3377,0
3378,1
3379,0
3380,0
3381,0
3382,1
3383,0
3384,1
3385,0
3386,1
3387,1
3388,0
3389,1
3390,1
3391,0
3392,0
3393,1
3394,1
3395,0
3396,0
3397,1
3398,0
3399,1
3400,0
3401,0
3402,0
3403,0
3404,0
3405,0
3406,1
3407,0
3408,0
3409,1
3410,0
3411,1
3412,0
3413,0
3414,1
3415,0
3416,0
3417,0
3418,0
3419,1
3420,0
3421,0
3422,0
3423,1
3424,1
3425,0
3426,0
3427,1
3428,1
3429,1
3430,0
3431,1
3432,0
3433,1
3434,1
3435,1
3436,1
3437,0
3438,0
3439,0
3440,1
3441,0
3442,0
3443,0
3444,0
3445,1
3446,1
3447,0
3448,0
3449,1
3450,1
3451,1
3452,1
3453,1
3454,0
3455,1
3456,0
3457,1
3458,0
3459,1
3460,1
3461,0
3462,0
3463,1
3464,0
3465,1
3466,0
3467,1
3468,0
3469,1
3470,1
3471,0
3472,1
3473,1
3474,0
3475,1
3476,1
3477,0
3478,0
3479,1
3480,1
3481,1
3482,0
3483,1
3484,1
3485,0
3486,1
3487,0
3488,0
3489,1
3490,1
3491,0
3492,1
3493,1
3494,1
3495,1
3496,0
3497,0
3498,1
3499,1
3500,1
3501,1
3502,1
3503,1
3504,1
3505,1
3506,1
3507,1
3508,0
3509,1
3510,0
3511,0
3512,1
3513,0
3514,0
3515,1
3516,1
3517,1
3518,0
3519,1
3520,1
3521,0
3522,0
3523,0
3524,0
3525,0
3526,1
3527,0
3528,1
3529,0
3530,1
3531,1
3532,1
3533,0
3534,1
3535,0
3536,0
3537,1
3538,0
3539,1
3540,0
3541,1
3542,1
3543,1
3544,1
3545,1
3546,0
3547,0
3548,0
3549,0
3550,1
3551,1
3552,0
3553,1
3554,1
3555,1
3556,0
3557,1
3558,0
3559,1
3560,1
3561,1
3562,0
3563,0
3564,1
3565,0
3566,1
3567,0
3568,0
3569,1
3570,0
3571,0
3572,0
3573,1
3574,0
3575,1
3576,1
3577,0
3578,1
3579,1
3580,0
3581,0
3582,1
3583,1
3584,1
3585,1
3586,0
3587,0
3588,1
3589,0
3590,0
3591,0
3592,1
3593,0
3594,1
3595,1
3596,1
3597,0
3598,0
3599,1
3600,1
3601,1
3602,0
3603,1
3604,0
3605,1
3606,0
3607,1
3608,0
3609,0
3610,0
3611,0
3612,1
3613,0
3614,0
3615,1
3616,1
3617,0
3618,1
3619,0
3620,1
3621,0
3622,0
3623,0
3624,0
3625,0
3626,1
3627,1
3628,0
3629,1
3630,1
3631,1
3632,0
3633,1
3634,0
3635,1
3636,0
3637,0
3638,1
3639,0
3640,1
3641,0
3642,1
3643,0
3644,1
3645,0
3646,0
3647,1
3648,1
3649,1
3650,0
3651,0
3652,1
3653,0
3654,1
3655,1
3656,1
3657,1
3658,0
3659,0
3660,1
3661,1
3662,0
3663,0
3664,1
3665,1
3666,0
3667,1
3668,1
3669,0
3670,1
3671,1
3672,0
3673,1
3674,1
3675,1
3676,0
3677,0
3678,1
3679,1
3680,0
3681,0
3682,0
3683,0
3684,1
3685,0
3686,0
3687,0
3688,0
3689,1
3690,0
3691,1
3692,0
3693,0
3694,1
3695,1
3696,1
3697,0
3698,1
3699,0
3700,1
3701,1
3702,1
3703,0
3704,1
3705,1
3706,0
3707,0
3708,0
3709,0
3710,1
3711,0
3712,1
3713,1
3714,1
3715,1
3716,0
3717,0
3718,0
3719,0
3720,0
3721,1
3722,1
3723,0
3724,1
3725,1
3726,0
3727,1
3728,1
3729,0
3730,0
3731,1
3732,1
3733,1
3734,1
3735,0
3736,1
3737,1
3738,0
3739,1
3740,0
3741,1
3742,0
3743,1
3744,1
3745,0
3746,0
3747,0
3748,1
3749,1
3750,1
3751,1
3752,1
3753,0
3754,0
3755,1
3756,0
3757,1
3758,1
3759,1
3760,0
3761,1
3762,1
3763,0
3764,0
3765,0
3766,1
3767,1
3768,0
3769,1
3770,0
3771,1
3772,1
3773,1
3774,0
3775,0
3776,1
3777,1
3778,0
3779,1
3780,1
3781,1
3782,0
3783,0
3784,1
3785,0
3786,0
3787,1
3788,1
3789,0
3790,1
3791,1
3792,0
3793,1
3794,0
3795,0
3796,0
3797,0
3798,1
3799,0
3800,0
3801,0
3802,0
3803,0
3804,0
3805,0
3806,1
3807,1
3808,1
3809,1
3810,1
3811,0
3812,1
3813,0
3814,1
3815,1
3816,0
3817,1
3818,1
3819,1
3820,1
3821,0
3822,0
3823,1
3824,0
3825,0
3826,0
3827,0
3828,1
3829,0
3830,1
3831,0
3832,1
3833,0
3834,1
3835,1
3836,0
3837,0
3838,1
3839,0
3840,0
3841,1
3842,0
3843,1
3844,0
3845,0
3846,1
3847,1
3848,1
3849,0
3850,0
3851,1
3852,0
3853,0
3854,0
3855,0
3856,0
3857,0
3858,1
3859,0
3860,1
3861,1
3862,1
3863,1
3864,1
3865,0
3866,1
3867,1
3868,0
3869,0
3870,1
3871,0
3872,0
3873,1
3874,0
3875,0
3876,0
3877,0
3878,1
3879,1
3880,0
3881,1
3882,0
3883,0
3884,0
3885,1
3886,1
3887,1
3888,1
3889,0
3890,0
3891,1
3892,0
3893,1
3894,1
3895,0
3896,1
3897,1
3898,0
3899,0
3900,0
3901,1
3902,0
3903,0
3904,0
3905,0
3906,0
3907,0
3908,0
3909,0
3910,0
3911,1
3912,0
3913,1
3914,0
3915,0
3916,0
3917,0
3918,0
3919,1
3920,0
3921,0
3922,1
3923,0
3924,0
3925,1
3926,1
3927,1
3928,1
3929,1
3930,0
3931,0
3932,0
3933,1
3934,1
3935,1
3936,0
3937,1
3938,0
3939,1
3940,1
3941,0
3942,0
3943,0
3944,0
3945,1
3946,1
3947,0
3948,1
3949,0
3950,0
3951,1
3952,0
3953,1
3954,0
3955,1
3956,0
3957,1
3958,1
3959,0
3960,1
3961,1
3962,0
3963,1
3964,0
3965,1
3966,1
3967,1
3968,0
3969,1
3970,1
3971,0
3972,1
3973,0
3974,0
3975,0
3976,1
3977,0
3978,0
3979,1
3980,1
3981,0
3982,0
3983,1
3984,0
3985,0
3986,0
3987,0
3988,0
3989,0
3990,0
3991,0
3992,0
3993,1
3994,0
3995,0
3996,1
3997,0
3998,0
3999,0
4000,0
4001,1
4002,0
4003,1
4004,0
4005,1
4006,1
4007,0
4008,1
4009,0
4010,1
4011,1
4012,0
4013,0
4014,0
4015,0
4016,1
4017,1
4018,1
4019,1
4020,0
4021,1
4022,1
4023,1
4024,0
4025,1
4026,0
4027,0
4028,0
4029,1
4030,0
4031,0
4032,1
4033,1
4034,0
4035,0
4036,0
4037,1
4038,1
4039,0
4040,1
4041,1
4042,1
4043,1
4044,1
4045,0
4046,1
4047,0
4048,0
4049,0
4050,0
4051,1
4052,0
4053,1
4054,1
4055,1
4056,0
4057,1
4058,0
4059,1
4060,0
4061,1
4062,1
4063,0
4064,1
4065,1
4066,1
4067,0
4068,1
4069,0
4070,0
4071,0
4072,1
4073,0
4074,1
4075,0
4076,1
4077,0
4078,1
4079,0
4080,1
4081,0
4082,0
4083,0
4084,1
4085,1
4086,1
4087,0
4088,1
4089,1
4090,0
4091,0
4092,1
4093,0
4094,1
4095,0
4096,1
4097,0
4098,1
4099,0
4100,1
4101,0
4102,1
4103,0
4104,0
4105,1
4106,1
4107,1
4108,0
4109,0
4110,0
4111,0
4112,1
4113,1
4114,1
4115,1
4116,1
4117,1
4118,0
4119,0
4120,1
4121,1
4122,0
4123,1
4124,1
4125,0
4126,0
4127,0
4128,1
4129,1
4130,0
4131,0
4132,1
4133,1
4134,0
4135,1
4136,0
4137,1
4138,0
4139,0
4140,0
4141,1
4142,1
4143,0
4144,1
4145,1
4146,1
4147,0
4148,1
4149,0
4150,0
4151,1
4152,1
4153,0
4154,0
4155,1
4156,0
4157,0
4158,1
4159,1
4160,0
4161,1
4162,0
4163,0
4164,1
4165,1
4166,1
4167,0
4168,1
4169,0
4170,0
4171,1
4172,1
4173,1
4174,1
4175,0
4176,0
4177,0
4178,1
4179,0
4180,1
4181,0
4182,0
4183,1
4184,0
4185,0
4186,0
4187,0
4188,1
4189,1
4190,0
4191,0
4192,0
4193,1
4194,0
4195,0
4196,0
4197,0
4198,0
4199,1
4200,0
4201,0
4202,1
4203,1
4204,0
4205,0
4206,0
4207,0
4208,1
4209,1
4210,0
4211,1
4212,1
4213,0
4214,0
4215,1
4216,1
4217,0
4218,1
4219,0
4220,1
4221,0
4222,1
4223,1
4224,0
4225,0
4226,0
4227,1
4228,0
4229,1
4230,1
4231,1
4232,1
4233,0
4234,1
4235,0
4236,0
4237,1
4238,0
4239,0
4240,0
4241,0
4242,0
4243,1
4244,0
4245,1
4246,0
4247,1
4248,0
4249,0
4250,1
4251,0
4252,1
4253,0
4254,1
4255,0
4256,1
4257,1
4258,1
4259,1
4260,0
4261,1
4262,0
4263,0
4264,1
4265,1
4266,1
4267,1
4268,1
4269,0
4270,0
4271,1
4272,1
4273,0
4274,0
4275,0
4276,1
4277,1
4278,0
4279,0
4280,1
4281,1
4282,0
4283,1
4284,0
4285,0
4286,0
4287,0
4288,0
4289,1
4290,0
4291,0
4292,0
4293,0
4294,1
4295,1
4296,0
4297,0
4298,1
4299,0
4300,1
4301,0
4302,0
4303,0
4304,0
4305,1
4306,0
4307,1
4308,1
4309,1
4310,0
4311,0
4312,1
4313,1
4314,0
4315,1
4316,1
4317,0
4318,0
4319,0
4320,1
4321,0
4322,0
4323,1
4324,0
4325,0
4326,0
4327,0
4328,1
4329,0
4330,1
4331,1
4332,0
4333,1
4334,0
4335,1
4336,1
4337,0
4338,0
4339,1
4340,1
4341,1
4342,0
4343,0
4344,1
4345,1
4346,0
4347,0
4348,0
4349,1
4350,1
4351,0
4352,1
4353,1
4354,1
4355,1
4356,0
4357,1
4358,0
4359,1
4360,1
4361,0
4362,0
4363,1
4364,1
4365,1
4366,1
4367,1
4368,0
4369,1
4370,1
4371,1
4372,1
4373,0
4374,0
4375,1
4376,0
4377,0
4378,0
4379,1
4380,0
4381,1
4382,0
4383,1
4384,0
4385,1
4386,0
4387,0
4388,1
4389,1
4390,0
4391,1
4392,0
4393,0
4394,0
4395,0
4396,0
4397,0
4398,1
4399,0
4400,0
4401,1
4402,1
4403,1
4404,0
4405,1
4406,1
4407,1
4408,1
4409,0
4410,0
4411,1
4412,1
4413,1
4414,1
4415,0
4416,1
4417,0
4418,0
4419,0
4420,0
4421,0
4422,0
4423,0
4424,1
4425,1
4426,1
4427,0
4428,0
4429,1
4430,0
4431,1
4432,0
4433,1
4434,1
4435,0
4436,1
4437,0
4438,1
4439,1
4440,0
4441,1
4442,1
4443,1
4444,1
4445,0
4446,1
4447,0
4448,1
4449,1
4450,1
4451,0
4452,0
4453,0
4454,1
4455,0
4456,0
4457,1
4458,1
4459,1
4460,0
4461,1
4462,0
4463,1
4464,0
4465,0
4466,1
4467,1
4468,1
4469,1
4470,0
4471,0
4472,0
4473,1
4474,0
4475,1
4476,1
4477,0
4478,1
4479,1
4480,0
4481,0
4482,0
4483,0
4484,0
4485,0
4486,1
4487,0
4488,0
4489,0
4490,0
4491,0
4492,0
4493,1
4494,1
4495,1
4496,1
4497,1
4498,0
4499,1
4500,0
4501,0
4502,0
4503,1
4504,1
4505,1
4506,0
4507,0
4508,1
4509,0
4510,0
4511,1
4512,0
4513,0
4514,0
4515,1
4516,0
4517,0
4518,1
4519,1
4520,0
4521,1
4522,0
4523,1
4524,0
4525,0
4526,0
4527,0
4528,0
4529,1
4530,0
4531,1
4532,0
4533,1
4534,0
4535,0
4536,1
4537,0
4538,1
4539,0
4540,1
4541,1
4542,1
4543,1
4544,1
4545,0
4546,1
4547,1
4548,0
4549,1
4550,1
4551,1
4552,0
4553,0
4554,0
4555,0
4556,0
4557,0
4558,1
4559,1
4560,0
4561,0
4562,0
4563,0
4564,0
4565,1
4566,1
4567,1
4568,1
4569,0
4570,1
4571,0
4572,1
4573,0
4574,0
4575,0
4576,1
4577,1
4578,1
4579,1
4580,1
4581,0
4582,1
4583,1
4584,1
4585,1
4586,0
4587,0
4588,0
4589,1
4590,0
4591,1
4592,0
4593,1
4594,0
4595,0
4596,0
4597,0
4598,1
4599,0
4600,1
4601,0
4602,0
4603,0
4604,0
4605,0
4606,0
4607,1
4608,1
4609,1
4610,1
4611,0
4612,0
4613,1
4614,0
4615,1
4616,0
4617,1
4618,0
4619,1
4620,1
4621,0
4622,0
4623,1
4624,0
4625,0
4626,0
4627,0
4628,0
4629,0
4630,1
4631,0
4632,0
4633,0
4634,0
4635,0
4636,0
4637,1
4638,1
4639,1
4640,0
4641,0
4642,0
4643,0
4644,0
4645,1
4646,0
4647,1
4648,0
4649,0
4650,0
4651,0
4652,1
4653,1
4654,0
4655,1
4656,0
4657,0
4658,1
4659,0
4660,1
4661,0
4662,1
4663,1
4664,1
4665,0
4666,1
4667,0
4668,0
4669,0
4670,1
4671,1
4672,1
4673,1
4674,0
4675,0
4676,1
4677,0
4678,0
4679,0
4680,0
4681,1
4682,1
4683,1
4684,0
4685,1
4686,1
4687,0
4688,0
4689,1
4690,1
4691,0
4692,0
4693,1
4694,0
4695,0
4696,1
4697,1
4698,0
4699,0
4700,0
4701,0
4702,0
4703,0
4704,1
4705,1
4706,1
4707,0
4708,0
4709,0
4710,1
4711,1
4712,1
4713,1
4714,1
4715,0
4716,0
4717,0
4718,1
4719,0
4720,1
4721,0
4722,1
4723,0
4724,1
4725,0
4726,0
4727,1
4728,1
4729,1
4730,0
4731,1
4732,1
4733,0
4734,0
4735,1
4736,0
4737,1
4738,0
4739,0
4740,0
4741,0
4742,1
4743,1
4744,1
4745,0
4746,0
4747,0
4748,1
4749,1
4750,1
4751,1
4752,1
4753,0
4754,0
4755,1
4756,1
4757,1
4758,1
4759,0
4760,0
4761,1
4762,1
4763,1
4764,1
4765,1
4766,1
4767,0
4768,0
4769,0
4770,0
4771,0
4772,1
4773,1
4774,0
4775,1
4776,0
4777,1
4778,0
4779,1
4780,0
4781,1
4782,0
4783,1
4784,0
4785,1
4786,0
4787,0
4788,1
4789,1
4790,1
4791,1
4792,1
4793,1
4794,0
4795,1
4796,1
4797,0
4798,1
4799,0
4800,0
4801,1
4802,0
4803,1
4804,0
4805,0
4806,1
4807,1
4808,1
4809,1
4810,0
4811,1
4812,1
4813,1
4814,0
4815,0
4816,1
4817,1
4818,1
4819,1
4820,1
4821,1
4822,1
4823,0
4824,1
4825,1
4826,0
4827,0
4828,0
4829,1
4830,1
4831,0
4832,0
4833,0
4834,1
4835,1
4836,0
4837,1
4838,0
4839,0
4840,0
4841,0
4842,1
4843,0
4844,1
4845,0
4846,1
4847,1
4848,1
4849,0
4850,1
4851,0
4852,1
4853,1
4854,0
4855,0
4856,0
4857,0
4858,1
4859,1
4860,0
4861,0
4862,0
4863,1
4864,1
4865,0
4866,1
4867,0
4868,0
4869,0
4870,1
4871,1
4872,0
4873,1
4874,1
4875,1
4876,1
4877,0
4878,1
4879,1
4880,1
4881,0
4882,0
4883,0
4884,0
4885,1
4886,1
4887,0
4888,0
4889,1
4890,1
4891,1
4892,0
4893,1
4894,0
4895,1
4896,0
4897,0
4898,1
4899,1
4900,0
4901,0
4902,0
4903,0
4904,0
4905,0
4906,1
4907,0
4908,0
4909,1
4910,0
4911,1
4912,1
4913,0
4914,1
4915,0
4916,0
4917,1
4918,0
4919,0
4920,0
4921,1
4922,1
4923,0
4924,1
4925,1
4926,0
4927,0
4928,1
4929,1
4930,1
4931,0
4932,0
4933,1
4934,0
4935,1
4936,0
4937,0
4938,0
4939,1
4940,1
4941,1
4942,0
4943,0
4944,1
4945,1
4946,1
4947,0
4948,0
4949,1
4950,1
4951,0
4952,1
4953,1
4954,0
4955,1
4956,0
4957,0
4958,0
4959,1
4960,0
4961,0
4962,1
4963,0
4964,1
4965,1
4966,0
4967,0
4968,1
4969,0
4970,0
4971,1
4972,1
4973,0
4974,0
4975,1
4976,0
4977,1
4978,0
4979,1
4980,0
4981,0
4982,0
4983,0
4984,1
4985,0
4986,0
4987,0
4988,1
4989,1
4990,0
4991,1
4992,0
4993,1
4994,0
4995,1
4996,0
4997,1
4998,0
4999,0
5000,0
5001,1
5002,1
5003,1
5004,0
5005,0
5006,1
5007,0
5008,1
5009,1
5010,0
5011,0
5012,0
5013,0
5014,1
5015,1
5016,0
5017,1
5018,1
5019,0
5020,0
5021,1
5022,0
5023,0
5024,0
5025,1
5026,1
5027,1
5028,1
5029,0
5030,0
5031,0
5032,1
5033,0
5034,1
5035,0
5036,1
5037,1
5038,1
5039,1
5040,1
5041,0
5042,1
5043,1
5044,1
5045,1
5046,1
5047,0
5048,0
5049,0
5050,1
5051,0
5052,1
5053,0
5054,1
5055,0
5056,0
5057,1
5058,1
5059,0
5060,1
5061,1
5062,0
5063,0
5064,0
5065,1
5066,0
5067,0
5068,1
5069,0
5070,1
5071,0
5072,0
5073,0
5074,1
5075,1
5076,1
5077,0
5078,1
5079,0
5080,0
5081,0
5082,0
5083,1
5084,0
5085,0
5086,1
5087,0
5088,0
5089,0
5090,1
5091,0
5092,1
5093,1
5094,1
5095,1
5096,1
5097,0
5098,1
5099,1
5100,1
5101,0
5102,1
5103,0
5104,1
5105,0
5106,0
5107,0
5108,0
5109,1
5110,0
5111,0
5112,0
5113,1
5114,0
5115,1
5116,0
5117,0
5118,0
5119,1
5120,1
5121,1
5122,0
5123,0
5124,1
5125,0
5126,0
5127,0
5128,0
5129,0
5130,1
5131,1
5132,1
5133,1
5134,0
5135,0
5136,0
5137,0
5138,1
5139,0
5140,0
5141,1
5142,0
5143,0
5144,1
5145,1
5146,0
5147,0
5148,0
5149,0
5150,0
5151,1
5152,1
5153,1
5154,1
5155,1
5156,1
5157,0
5158,1
5159,1
5160,1
5161,1
5162,1
5163,1
5164,0
5165,1
5166,0
5167,0
5168,1
5169,0
5170,0
5171,0
5172,0
5173,1
5174,1
5175,0
5176,0
5177,1
5178,1
5179,1
5180,1
5181,1
5182,0
5183,0
5184,1
5185,1
5186,0
5187,1
5188,0
5189,0
5190,0
5191,0
5192,0
5193,1
5194,0
5195,1
5196,1
5197,0
5198,1
5199,0
5200,1
5201,0
5202,1
5203,1
5204,0
5205,0
5206,0
5207,0
5208,1
5209,0
5210,1
5211,0
5212,0
5213,0
5214,0
5215,0
5216,1
5217,0
5218,0
5219,0
5220,1
5221,1
5222,0
5223,1
5224,1
5225,1
5226,0
5227,0
5228,1
5229,1
5230,1
5231,1
5232,1
5233,1
5234,1
5235,1
5236,0
5237,1
5238,0
5239,1
5240,0
5241,1
5242,1
5243,1
5244,0
5245,0
5246,1
5247,1
5248,0
5249,0
5250,1
5251,1
5252,1
5253,1
5254,0
5255,0
5256,1
5257,1
5258,0
5259,0
5260,0
5261,0
5262,0
5263,1
5264,0
5265,1
5266,1
5267,0
5268,1
5269,1
5270,0
5271,1
5272,0
5273,0
5274,1
5275,1
5276,1
5277,1
5278,0
5279,0
5280,1
5281,1
5282,0
5283,0
5284,1
5285,0
5286,1
5287,0
5288,1
5289,0
5290,0
5291,0
5292,0
5293,0
5294,1
5295,1
5296,1
5297,1
5298,0
5299,1
5300,0
5301,1
5302,1
5303,1
5304,1
5305,1
5306,1
5307,1
5308,0
5309,0
5310,0
5311,1
5312,0
5313,1
5314,0
5315,0
5316,0
5317,0
5318,0
5319,1
5320,1
5321,0
5322,0
5323,0
5324,1
5325,1
5326,0
5327,0
5328,1
5329,0
5330,1
5331,0
5332,0
5333,0
5334,1
5335,0
5336,1
5337,0
5338,1
5339,1
5340,0
5341,0
5342,0
5343,1
5344,1
5345,0
5346,1
5347,0
5348,0
5349,0
5350,1
5351,0
5352,0
5353,0
5354,1
5355,1
5356,1
5357,0
5358,0
5359,0
5360,0
5361,0
5362,0
5363,0
5364,0
5365,1
5366,0
5367,0
5368,0
5369,1
5370,0
5371,0
5372,0
5373,1
5374,0
5375,0
5376,0
5377,1
5378,0
5379,0
5380,1
5381,1
5382,1
5383,1
5384,1
5385,0
5386,1
5387,0
5388,1
5389,1
5390,1
5391,1
5392,1
5393,0
5394,1
5395,1
5396,0
5397,0
5398,0
5399,1
5400,1
5401,1
5402,0
5403,1
5404,1
5405,1
5406,1
5407,0
5408,1
5409,0
5410,1
5411,1
5412,0
5413,0
5414,1
5415,1
5416,0
5417,0
5418,1
5419,0
5420,1
5421,0
5422,0
5423,1
5424,1
5425,0
5426,1
5427,0
5428,1
5429,1
5430,1
5431,1
5432,1
5433,1
5434,1
5435,0
5436,0
5437,0
5438,1
5439,1
5440,1
5441,0
5442,1
5443,1
5444,0
5445,1
5446,1
5447,0
5448,0
5449,0
5450,0
5451,0
5452,0
5453,1
5454,1
5455,1
5456,1
5457,1
5458,1
5459,1
5460,0
5461,0
5462,0
5463,1
5464,0
5465,1
5466,1
5467,0
5468,0
5469,1
5470,0
5471,1
5472,0
5473,0
5474,1
5475,1
5476,1
5477,0
5478,0
5479,1
5480,1
5481,0
5482,0
5483,0
5484,0
5485,0
5486,1
5487,1
5488,1
5489,0
5490,1
5491,1
5492,0
5493,1
5494,0
5495,1
5496,0
5497,1
5498,1
5499,1
5500,1
5501,1
5502,1
5503,1
5504,0
5505,0
5506,0
5507,1
5508,1
5509,0
5510,1
5511,0
5512,0
5513,0
5514,1
5515,1
5516,0
5517,0
5518,1
5519,1
5520,0
5521,0
5522,1
5523,0
5524,1
5525,0
5526,0
5527,0
5528,0
5529,1
5530,0
5531,1
5532,1
5533,1
5534,1
5535,0
5536,0
5537,0
5538,1
5539,1
5540,0
5541,0
5542,0
5543,1
5544,1
5545,1
5546,0
5547,0
5548,1
5549,0
5550,1
5551,0
5552,0
5553,1
5554,0
5555,0
5556,0
5557,0
5558,0
5559,1
5560,1
5561,0
5562,0
5563,1
5564,1
5565,1
5566,0
5567,1
5568,0
5569,0
5570,1
5571,0
5572,1
5573,1
5574,1
5575,0
5576,0
5577,0
5578,1
5579,1
5580,0
5581,1
5582,0
5583,1
5584,0
5585,1
5586,1
5587,1
5588,1
5589,0
5590,1
5591,0
5592,1
5593,0
5594,1
5595,0
5596,0
5597,1
5598,0
5599,0
5600,0
5601,1
5602,1
5603,1
5604,0
5605,0
5606,0
5607,0
5608,0
5609,1
5610,1
5611,1
5612,1
5613,1
5614,0
5615,0
5616,1
5617,0
5618,0
5619,0
5620,0
5621,1
5622,0
5623,1
5624,0
5625,0
5626,1
5627,0
5628,1
5629,1
5630,0
5631,0
5632,0
5633,1
5634,0
5635,1
5636,1
5637,0
5638,0
5639,0
5640,1
5641,0
5642,1
5643,0
5644,1
5645,1
5646,1
5647,1
5648,0
5649,1
5650,1
5651,0
5652,0
5653,1
5654,1
5655,0
5656,0
5657,0
5658,1
5659,1
5660,0
5661,0
5662,0
5663,1
5664,1
5665,0
5666,0
5667,1
5668,1
5669,0
5670,1
5671,0
5672,0
5673,0
5674,1
5675,1
5676,1
5677,0
5678,0
5679,1
5680,1
5681,1
5682,0
5683,1
5684,1
5685,0
5686,1
5687,0
5688,0
5689,1
5690,0
5691,0
5692,1
5693,0
5694,0
5695,1
5696,1
5697,1
5698,0
5699,0
5700,0
5701,0
5702,0
5703,0
5704,1
5705,1
5706,1
5707,0
5708,1
5709,1
5710,1
5711,0
5712,0
5713,0
5714,0
5715,1
5716,0
5717,0
5718,1
5719,1
5720,1
5721,0
5722,1
5723,1
5724,0
5725,0
5726,1
5727,0
5728,1
5729,1
5730,1
5731,0
5732,1
5733,0
5734,1
5735,0
5736,0
5737,1
5738,0
5739,1
5740,0
5741,1
5742,0
5743,0
5744,0
5745,0
5746,1
5747,0
5748,1
5749,1
5750,0
5751,1
5752,0
5753,0
5754,1
5755,1
5756,0
5757,1
5758,1
5759,0
5760,1
5761,0
5762,0
5763,1
5764,0
5765,1
5766,1
5767,1
5768,0
5769,0
5770,1
5771,0
5772,0
5773,1
5774,0
5775,0
5776,1
5777,0
5778,1
5779,1
5780,0
5781,1
5782,1
5783,0
5784,0
5785,1
5786,1
5787,0
5788,1
5789,1
5790,1
5791,1
5792,0
5793,0
5794,1
5795,1
5796,1
5797,1
5798,0
5799,1
5800,0
5801,1
5802,0
5803,1
5804,1
5805,0
5806,0
5807,1
5808,0
5809,0
5810,1
5811,0
5812,1
5813,1
5814,1
5815,0
5816,0
5817,1
5818,1
5819,0
5820,0
5821,1
5822,1
5823,1
5824,1
5825,1
5826,1
5827,0
5828,0
5829,0
5830,0
5831,0
5832,1
5833,0
5834,0
5835,0
5836,1
5837,1
5838,1
5839,1
5840,1
5841,0
5842,1
5843,0
5844,0
5845,0
5846,1
5847,0
5848,1
5849,0
5850,0
5851,0
5852,0
5853,0
5854,0
5855,0
5856,0
5857,0
5858,1
5859,0
5860,0
5861,1
5862,0
5863,1
5864,1
5865,1
5866,1
5867,0
5868,1
5869,0
5870,0
5871,0
5872,1
5873,0
5874,1
5875,1
5876,1
5877,0
5878,0
5879,0
5880,0
5881,1
5882,0
5883,1
5884,0
5885,1
5886,0
5887,0
5888,0
5889,0
5890,1
5891,0
5892,0
5893,0
5894,0
5895,1
5896,1
5897,0
5898,0
5899,1
5900,1
5901,0
5902,1
5903,1
5904,0
5905,1
5906,0
5907,1
5908,0
5909,1
5910,1
5911,0
5912,0
5913,0
5914,0
5915,1
5916,1
5917,0
5918,0
5919,1
5920,1
5921,0
5922,0
5923,1
5924,0
5925,0
5926,1
5927,1
5928,0
5929,1
5930,1
5931,1
5932,1
5933,0
5934,0
5935,1
5936,0
5937,1
5938,0
5939,0
5940,1
5941,1
5942,1
5943,0
5944,1
5945,0
5946,0
5947,1
5948,1
5949,1
5950,0
5951,1
5952,0
5953,0
5954,0
5955,1
5956,1
5957,0
5958,1
5959,0
5960,1
5961,0
5962,1
5963,0
5964,0
5965,0
5966,1
5967,1
5968,0
5969,1
5970,0
5971,0
5972,0
5973,0
5974,1
5975,0
5976,0
5977,1
5978,1
5979,0
5980,0
5981,0
5982,1
5983,0
5984,0
5985,1
5986,0
5987,0
5988,1
5989,1
5990,1
5991,0
5992,1
5993,0
5994,1
5995,1
5996,0
5997,0
5998,1
5999,1
6000,0
6001,0
6002,1
6003,1
6004,1
6005,1
6006,1
6007,0
6008,1
6009,1
6010,0
6011,1
6012,1
6013,0
6014,1
6015,0
6016,0
6017,0
6018,1
6019,0
6020,1
6021,1
6022,0
6023,0
6024,0
6025,0
6026,1
6027,1
6028,1
6029,0
6030,1
6031,1
6032,0
6033,0
6034,1
6035,0
6036,0
6037,1
6038,1
6039,0
6040,0
6041,1
6042,0
6043,1
6044,0
6045,0
6046,0
6047,1
6048,0
6049,1
6050,0
6051,0
6052,1
6053,1
6054,0
6055,1
6056,1
6057,1
6058,0
6059,1
6060,1
6061,1
6062,1
6063,1
6064,0
6065,1
6066,0
6067,0
6068,1
6069,0
6070,0
6071,1
6072,0
6073,1
6074,0
6075,0
6076,0
6077,0
6078,1
6079,1
6080,0
6081,1
6082,0
6083,1
6084,1
6085,1
6086,0
6087,1
6088,0
6089,0
6090,1
6091,1
6092,0
6093,1
6094,0
6095,1
6096,1
6097,0
6098,0
6099,1
6100,0
6101,0
6102,1
6103,0
6104,1
6105,0
6106,0
6107,0
6108,0
6109,0
6110,1
6111,0
6112,1
6113,0
6114,1
6115,0
6116,1
6117,0
6118,0
6119,0
6120,1
6121,1
6122,1
6123,0
6124,0
6125,0
6126,0
6127,1
6128,1
6129,0
6130,1
6131,1
6132,1
6133,1
6134,1
6135,0
6136,0
6137,1
6138,1
6139,0
6140,1
6141,0
6142,1
6143,0
6144,1
6145,1
6146,0
6147,1
6148,0
6149,0
6150,1
6151,0
6152,0
6153,0
6154,0
6155,0
6156,0
6157,0
6158,1
6159,1
6160,0
6161,1
6162,1
6163,0
6164,0
6165,1
6166,1
6167,0
6168,1
6169,0
6170,0
6171,0
6172,0
6173,1
6174,1
6175,0
6176,0
6177,1
6178,1
6179,0
6180,0
6181,1
6182,1
6183,0
6184,0
6185,0
6186,0
6187,1
6188,0
6189,1
6190,1
6191,0
6192,1
6193,1
6194,0
6195,0
6196,1
6197,1
6198,1
6199,1
6200,1
6201,1
6202,0
6203,1
6204,0
6205,0
6206,1
6207,1
6208,0
6209,0
6210,1
6211,0
6212,1
6213,0
6214,1
6215,0
6216,0
6217,1
6218,0
6219,0
6220,0
6221,0
6222,0
6223,1
6224,0
6225,1
6226,0
6227,0
6228,1
6229,1
6230,0
6231,1
6232,0
6233,0
6234,1
6235,0
6236,1
6237,1
6238,0
6239,0
6240,0
6241,0
6242,1
6243,0
6244,0
6245,0
6246,0
6247,0
6248,0
6249,0
6250,0
6251,1
6252,1
6253,0
6254,0
6255,0
6256,0
6257,0
6258,0
6259,0
6260,0
6261,1
6262,0
6263,0
6264,1
6265,0
6266,0
6267,0
6268,0
6269,0
6270,1
6271,0
6272,0
6273,1
6274,0
6275,0
6276,1
6277,0
6278,1
6279,0
6280,1
6281,1
6282,1
6283,1
6284,0
6285,1
6286,0
6287,1
6288,0
6289,0
6290,1
6291,0
6292,0
6293,0
6294,0
6295,0
6296,1
6297,0
6298,0
6299,1
6300,1
6301,0
6302,0
6303,1
6304,1
6305,1
6306,0
6307,0
6308,1
6309,0
6310,1
6311,1
6312,1
6313,0
6314,1
6315,0
6316,0
6317,0
6318,1
6319,1
6320,0
6321,1
6322,0
6323,1
6324,0
6325,1
6326,1
6327,1
6328,0
6329,0
6330,1
6331,0
6332,1
6333,1
6334,1
6335,1
6336,1
6337,1
6338,1
6339,0
6340,1
6341,1
6342,0
6343,0
6344,1
6345,0
6346,1
6347,0
6348,1
6349,0
6350,1
6351,1
6352,0
6353,1
6354,0
6355,1
6356,1
6357,0
6358,1
6359,0
6360,0
6361,0
6362,1
6363,1
6364,0
6365,1
6366,0
6367,0
6368,0
6369,0
6370,1
6371,0
6372,1
6373,0
6374,0
6375,1
6376,0
6377,0
6378,0
6379,1
6380,1
6381,0
6382,0
6383,0
6384,1
6385,1
6386,1
6387,0
6388,0
6389,0
6390,0
6391,0
6392,0
6393,0
6394,0
6395,0
6396,1
6397,0
6398,1
6399,1
6400,0
6401,0
6402,1
6403,0
6404,1
6405,0
6406,1
6407,1
6408,1
6409,0
6410,0
6411,0
6412,0
6413,0
6414,1
6415,1
6416,1
6417,0
6418,1
6419,0
6420,1
6421,0
6422,0
6423,0
6424,0
6425,1
6426,0
6427,1
6428,0
6429,0
6430,1
6431,0
6432,0
6433,1
6434,0
6435,1
6436,0
6437,0
6438,0
6439,1
6440,0
6441,0
6442,0
6443,1
6444,0
6445,1
6446,0
6447,0
6448,0
6449,0
6450,1
6451,1
6452,0
6453,0
6454,1
6455,1
6456,1
6457,0
6458,1
6459,1
6460,0
6461,1
6462,0
6463,0
6464,1
6465,1
6466,1
6467,0
6468,0
6469,1
6470,1
6471,1
6472,1
6473,0
6474,1
6475,0
6476,0
6477,0
6478,1
6479,0
6480,1
6481,0
6482,1
6483,1
6484,1
6485,1
6486,0
6487,1
6488,1
6489,1
6490,0
6491,0
6492,1
6493,1
6494,0
6495,1
6496,1
6497,0
6498,1
6499,1
6500,1
6501,1
6502,0
6503,1
6504,0
6505,0
6506,0
6507,1
6508,0
6509,0
6510,0
6511,0
6512,0
6513,0
6514,1
6515,1
6516,1
6517,1
6518,0
6519,0
6520,1
6521,1
6522,0
6523,0
6524,1
6525,1
6526,0
6527,0
6528,0
6529,1
6530,0
6531,1
6532,0
6533,0
6534,0
6535,1
6536,0
6537,1
6538,1
6539,1
6540,0
6541,0
6542,0
6543,0
6544,1
6545,0
6546,1
6547,1
6548,0
6549,1
6550,0
6551,1
6552,1
6553,1
6554,1
6555,1
6556,0
6557,1
6558,0
6559,1
6560,0
6561,0
6562,1
6563,1
6564,1
6565,0
6566,0
6567,0
6568,0
6569,0
6570,1
6571,0
6572,0
6573,0
6574,1
6575,1
6576,0
6577,1
6578,1
6579,0
6580,1
6581,1
6582,0
6583,0
6584,1
6585,1
6586,1
6587,1
6588,0
6589,1
6590,1
6591,0
6592,1
6593,0
6594,0
6595,0
6596,1
6597,0
6598,0
6599,0
6600,1
6601,1
6602,0
6603,0
6604,1
6605,0
6606,0
6607,0
6608,1
6609,1
6610,1
6611,1
6612,0
6613,0
6614,0
6615,1
6616,1
6617,0
6618,0
6619,1
6620,0
6621,0
6622,1
6623,1
6624,1
6625,0
6626,0
6627,0
6628,0
6629,1
6630,0
6631,0
6632,0
6633,1
6634,1
6635,0
6636,0
6637,1
6638,1
6639,1
6640,1
6641,1
6642,0
6643,0
6644,1
6645,0
6646,1
6647,0
6648,0
6649,0
6650,1
6651,1
6652,1
6653,1
6654,1
6655,1
6656,0
6657,1
6658,0
6659,1
6660,1
6661,1
6662,0
6663,1
6664,0
6665,1
6666,1
6667,0
6668,1
6669,1
6670,1
6671,0
6672,1
6673,0
6674,1
6675,1
6676,0
6677,0
6678,1
6679,0
6680,0
6681,0
6682,1
6683,1
6684,0
6685,0
6686,0
6687,1
6688,1
6689,0
6690,1
6691,0
6692,0
6693,0
6694,1
6695,0
6696,1
6697,1
6698,0
6699,1
6700,1
6701,1
6702,0
6703,1
6704,1
6705,1
6706,1
6707,1
6708,0
6709,1
6710,1
6711,1
6712,0
6713,0
6714,1
6715,1
6716,0
6717,1
6718,0
6719,0
6720,0
6721,1
6722,0
6723,0
6724,1
6725,1
6726,1
6727,1
6728,1
6729,1
6730,0
6731,1
6732,1
6733,0
6734,0
6735,0
6736,1
6737,0
6738,0
6739,1
6740,0
6741,0
6742,1
6743,0
6744,1
6745,1
6746,0
6747,0
6748,0
6749,0
6750,1
6751,1
6752,0
6753,0
6754,1
6755,0
6756,0
6757,1
6758,1
6759,1
6760,1
6761,1
6762,0
6763,1
6764,1
6765,0
6766,1
6767,0
6768,1
6769,0
6770,1
6771,1
6772,0
6773,1
6774,1
6775,0
6776,0
6777,0
6778,0
6779,1
6780,1
6781,0
6782,0
6783,1
6784,0
6785,0
6786,1
6787,0
6788,1
6789,0
6790,1
6791,1
6792,0
6793,1
6794,1
6795,1
6796,0
6797,0
6798,1
6799,0
6800,1
6801,1
6802,0
6803,0
6804,1
6805,0
6806,0
6807,0
6808,1
6809,1
6810,1
6811,0
6812,1
6813,1
6814,1
6815,1
6816,0
6817,1
6818,0
6819,0
6820,0
6821,0
6822,1
6823,0
6824,1
6825,1
6826,1
6827,1
6828,0
6829,1
6830,0
6831,0
6832,1
6833,0
6834,1
6835,1
6836,1
6837,0
6838,0
6839,0
6840,1
6841,0
6842,0
6843,0
6844,1
6845,1
6846,0
6847,1
6848,1
6849,0
6850,1
6851,0
6852,1
6853,1
6854,0
6855,0
6856,0
6857,0
6858,1
6859,0
6860,0
6861,1
6862,0
6863,1
6864,0
6865,0
6866,1
6867,0
6868,0
6869,1
6870,1
6871,1
6872,0
6873,1
6874,0
6875,0
6876,0
6877,1
6878,0
6879,0
6880,1
6881,1
6882,0
6883,0
6884,0
6885,1
6886,0
6887,1
6888,0
6889,0
6890,1
6891,1
6892,1
6893,0
6894,0
6895,1
6896,0
6897,1
6898,1
6899,0
6900,0
6901,1
6902,1
6903,0
6904,1
6905,1
6906,0
6907,1
6908,1
6909,1
6910,1
6911,1
6912,0
6913,1
6914,1
6915,1
6916,0
6917,1
6918,1
6919,0
6920,1
6921,1
6922,1
6923,0
6924,1
6925,1
6926,0
6927,0
6928,1
6929,0
6930,0
6931,0
6932,0
6933,0
6934,1
6935,1
6936,0
6937,0
6938,0
6939,0
6940,0
6941,0
6942,1
6943,0
6944,1
6945,1
6946,1
6947,1
6948,0
6949,1
6950,1
6951,1
6952,0
6953,1
6954,0
6955,1
6956,0
6957,0
6958,0
6959,1
6960,0
6961,1
6962,0
6963,1
6964,1
6965,0
6966,1
6967,0
6968,1
6969,1
6970,1
6971,0
6972,0
6973,0
6974,1
6975,1
6976,1
6977,1
6978,1
6979,0
6980,0
6981,1
6982,0
6983,0
6984,0
6985,1
6986,0
6987,1
6988,0
6989,1
6990,1
6991,0
6992,1
6993,1
6994,1
6995,0
6996,1
6997,1
6998,1
6999,0
7000,0
7001,1
7002,0
7003,0
7004,1
7005,0
7006,0
7007,0
7008,0
7009,0
7010,1
7011,0
7012,0
7013,1
7014,1
7015,1
7016,0
7017,0
7018,0
7019,1
7020,1
7021,1
7022,1
7023,1
7024,1
7025,0
7026,0
7027,1
7028,1
7029,1
7030,1
7031,0
7032,1
7033,1
7034,0
7035,1
7036,1
7037,1
7038,0
7039,0
7040,0
7041,1
7042,0
7043,1
7044,1
7045,1
7046,1
7047,0
7048,0
7049,0
7050,0
7051,0
7052,1
7053,0
7054,0
7055,0
7056,1
7057,0
7058,0
7059,0
7060,0
7061,0
7062,0
7063,1
7064,1
7065,1
7066,0
7067,0
7068,1
7069,1
7070,1
7071,0
7072,1
7073,0
7074,1
7075,0
7076,0
7077,1
7078,0
7079,1
7080,0
7081,0
7082,0
7083,1
7084,1
7085,1
7086,1
7087,0
7088,1
7089,1
7090,0
7091,1
7092,1
7093,0
7094,1
7095,0
7096,1
7097,1
7098,1
7099,0
7100,1
7101,1
7102,1
7103,1
7104,1
7105,1
7106,1
7107,1
7108,1
7109,0
7110,1
7111,0
7112,1
7113,1
7114,0
7115,0
7116,1
7117,0
7118,1
7119,0
7120,1
7121,1
7122,1
7123,0
7124,1
7125,0
7126,1
7127,0
7128,0
7129,0
7130,1
7131,1
7132,1
7133,1
7134,0
7135,1
7136,0
7137,1
7138,0
7139,1
7140,1
7141,1
7142,1
7143,1
7144,1
7145,1
7146,0
7147,0
7148,1
7149,1
7150,0
7151,1
7152,1
7153,0
7154,0
7155,1
7156,1
7157,0
7158,0
7159,1
7160,1
7161,1
7162,0
7163,1
7164,1
7165,1
7166,0
7167,0
7168,0
7169,0
7170,1
7171,0
7172,1
7173,0
7174,0
7175,1
7176,0
7177,1
7178,0
7179,1
7180,0
7181,1
7182,1
7183,1
7184,1
7185,1
7186,1
7187,0
7188,0
7189,0
7190,0
7191,0
7192,0
7193,1
7194,0
7195,1
7196,1
7197,1
7198,0
7199,0
7200,1
7201,1
7202,0
7203,0
7204,1
7205,0
7206,1
7207,0
7208,1
7209,1
7210,0
7211,0
7212,1
7213,0
7214,1
7215,1
7216,0
7217,0
7218,1
7219,0
7220,1
7221,1
7222,0
7223,1
7224,0
7225,1
7226,0
7227,0
7228,0
7229,0
7230,0
7231,1
7232,1
7233,1
7234,1
7235,0
7236,1
7237,1
7238,1
7239,0
7240,1
7241,0
7242,0
7243,0
7244,0
7245,0
7246,0
7247,1
7248,1
7249,0
7250,0
7251,1
7252,0
7253,0
7254,1
7255,1
7256,0
7257,0
7258,0
7259,0
7260,1
7261,0
7262,1
7263,0
7264,1
7265,1
7266,1
7267,1
7268,0
7269,1
7270,1
7271,0
7272,1
7273,0
7274,0
7275,0
7276,1
7277,0
7278,1
7279,1
7280,0
7281,1
7282,0
7283,0
7284,1
7285,1
7286,0
7287,0
7288,1
7289,1
7290,0
7291,1
7292,0
7293,1
7294,0
7295,1
7296,0
7297,1
7298,0
7299,0
7300,0
7301,0
7302,1
7303,0
7304,0
7305,1
7306,1
7307,1
7308,0
7309,0
7310,0
7311,0
7312,1
7313,0
7314,1
7315,0
7316,0
7317,0
7318,1
7319,1
7320,0
7321,0
7322,0
7323,1
7324,0
7325,0
7326,0
7327,1
7328,1
7329,1
7330,0
7331,0
7332,1
7333,0
7334,0
7335,0
7336,1
7337,1
7338,1
7339,1
7340,1
7341,0
7342,1
7343,1
7344,0
7345,0
7346,0
7347,0
7348,1
7349,1
7350,1
7351,1
7352,1
7353,0
7354,1
7355,0
7356,1
7357,1
7358,0
7359,1
7360,1
7361,0
7362,1
7363,1
7364,0
7365,0
7366,0
7367,0
7368,1
7369,1
7370,1
7371,1
7372,1
7373,1
7374,1
7375,0
7376,0
7377,0
7378,1
7379,1
7380,1
7381,1
7382,0
7383,0
7384,0
7385,0
7386,0
7387,1
7388,1
7389,0
7390,1
7391,0
7392,1
7393,1
7394,1
7395,0
7396,1
7397,0
7398,0
7399,1
7400,0
7401,1
7402,1
7403,1
7404,0
7405,0
7406,1
7407,0
7408,0
7409,1
7410,1
7411,0
7412,0
7413,0
7414,1
7415,0
7416,0
7417,1
7418,1
7419,1
7420,0
7421,1
7422,1
7423,0
7424,1
7425,0
7426,0
7427,0
7428,1
7429,0
7430,0
7431,0
7432,1
7433,1
7434,1
7435,1
7436,0
7437,0
7438,0
7439,0
7440,1
7441,0
7442,1
7443,0
7444,0
7445,1
7446,1
7447,1
7448,1
7449,0
7450,1
7451,1
7452,0
7453,1
7454,1
7455,0
7456,0
7457,1
7458,1
7459,1
7460,0
7461,1
7462,0
7463,1
7464,0
7465,1
7466,0
7467,1
7468,1
7469,1
7470,0
7471,0
7472,0
7473,0
7474,1
7475,0
7476,0
7477,0
7478,1
7479,1
7480,0
7481,0
7482,0
7483,0
7484,0
7485,0
7486,1
7487,1
7488,1
7489,1
7490,1
7491,0
7492,1
7493,1
7494,1
7495,1
7496,0
7497,1
7498,1
7499,0
7500,0
7501,0
7502,1
7503,0
7504,1
7505,1
7506,0
7507,0
7508,0
7509,0
7510,0
7511,0
7512,1
7513,0
7514,1
7515,0
7516,0
7517,0
7518,1
7519,1
7520,0
7521,1
7522,0
7523,0
7524,0
7525,0
7526,0
7527,0
7528,1
7529,0
7530,0
7531,1
7532,1
7533,1
7534,0
7535,1
7536,1
7537,0
7538,1
7539,1
7540,0
7541,1
7542,0
7543,0
7544,1
7545,0
7546,1
7547,1
7548,1
7549,0
7550,0
7551,1
7552,0
7553,0
7554,0
7555,1
7556,1
7557,1
7558,1
7559,1
7560,1
7561,1
7562,1
7563,0
7564,1
7565,1
7566,0
7567,1
7568,0
7569,1
7570,0
7571,1
7572,1
7573,0
7574,0
7575,0
7576,1
7577,1
7578,1
7579,1
7580,1
7581,0
7582,0
7583,0
7584,0
7585,0
7586,0
7587,0
7588,0
7589,1
7590,1
7591,1
7592,1
7593,1
7594,1
7595,0
7596,0
7597,0
7598,0
7599,1
7600,1
7601,1
7602,0
7603,1
7604,0
7605,1
7606,0
7607,1
7608,1
7609,1
7610,1
7611,1
7612,0
7613,0
7614,0
7615,0
7616,1
7617,0
7618,0
7619,1
7620,0
7621,0
7622,1
7623,1
7624,0
7625,1
7626,0
7627,0
7628,0
7629,1
7630,1
7631,0
7632,0
7633,1
7634,0
7635,0
7636,1
7637,1
7638,0
7639,1
7640,0
7641,0
7642,0
7643,0
7644,0
7645,0
7646,1
7647,0
7648,0
7649,0
7650,1
7651,1
7652,1
7653,0
7654,1
7655,1
7656,1
7657,0
7658,0
7659,0
7660,1
7661,1
7662,0
7663,0
7664,0
7665,0
7666,1
7667,1
7668,0
7669,0
7670,0
7671,1
7672,1
7673,1
7674,0
7675,1
7676,1
7677,1
7678,0
7679,1
7680,1
7681,0
7682,1
7683,0
7684,1
7685,1
7686,0
7687,0
7688,0
7689,1
7690,0
7691,1
7692,1
7693,1
7694,0
7695,1
7696,1
7697,0
7698,0
7699,0
7700,1
7701,0
7702,1
7703,0
7704,0
7705,0
7706,0
7707,1
7708,0
7709,1
7710,0
7711,1
7712,1
7713,1
7714,0
7715,1
7716,1
7717,0
7718,0
7719,1
7720,0
7721,0
7722,1
7723,0
7724,0
7725,1
7726,1
7727,1
7728,0
7729,1
7730,0
7731,0
7732,0
7733,0
7734,1
7735,0
7736,1
7737,0
7738,0
7739,0
7740,0
7741,1
7742,0
7743,0
7744,0
7745,1
7746,0
7747,1
7748,0
7749,1
7750,1
7751,0
7752,0
7753,0
7754,0
7755,0
7756,0
7757,1
7758,1
7759,0
7760,1
7761,0
7762,0
7763,0
7764,0
7765,0
7766,0
7767,1
7768,1
7769,0
7770,0
7771,1
7772,1
7773,0
7774,0
7775,0
7776,0
7777,1
7778,1
7779,1
7780,0
7781,1
7782,0
7783,1
7784,1
7785,1
7786,1
7787,1
7788,1
7789,0
7790,1
7791,0
7792,1
7793,1
7794,0
7795,0
7796,1
7797,0
7798,0
7799,1
7800,0
7801,0
7802,1
7803,0
7804,1
7805,1
7806,1
7807,1
7808,1
7809,0
7810,1
7811,1
7812,1
7813,1
7814,0
7815,1
7816,0
7817,1
7818,1
7819,1
7820,1
7821,0
7822,1
7823,1
7824,1
7825,1
7826,0
7827,0
7828,1
7829,0
7830,1
7831,0
7832,1
7833,1
7834,0
7835,1
7836,1
7837,0
7838,0
7839,1
7840,0
7841,1
7842,0
7843,1
7844,0
7845,1
7846,1
7847,0
7848,1
7849,1
7850,0
7851,0
7852,0
7853,0
7854,0
7855,0
7856,0
7857,0
7858,1
7859,0
7860,1
7861,1
7862,1
7863,0
7864,1
7865,0
7866,0
7867,0
7868,1
7869,0
7870,0
7871,1
7872,0
7873,1
7874,0
7875,1
7876,0
7877,0
7878,0
7879,1
7880,1
7881,1
7882,1
7883,0
7884,0
7885,0
7886,0
7887,1
7888,1
7889,1
7890,1
7891,1
7892,1
7893,0
7894,0
7895,0
7896,0
7897,1
7898,0
7899,1
7900,1
7901,1
7902,0
7903,1
7904,0
7905,0
7906,0
7907,1
7908,0
7909,0
7910,0
7911,0
7912,1
7913,1
7914,0
7915,1
7916,0
7917,0
7918,1
7919,1
7920,1
7921,0
7922,0
7923,0
7924,1
7925,0
7926,0
7927,0
7928,0
7929,0
7930,1
7931,0
7932,1
7933,0
7934,1
7935,1
7936,0
7937,1
7938,0
7939,0
7940,1
7941,0
7942,1
7943,1
7944,0
7945,1
7946,1
7947,1
7948,0
7949,1
7950,1
7951,1
7952,1
7953,1
7954,0
7955,1
7956,0
7957,0
7958,0
7959,1
7960,1
7961,0
7962,1
7963,0
7964,1
7965,0
7966,0
7967,1
7968,0
7969,0
7970,0
7971,1
7972,0
7973,1
7974,1
7975,0
7976,1
7977,1
7978,1
7979,1
7980,1
7981,0
7982,0
7983,1
7984,1
7985,1
7986,0
7987,1
7988,0
7989,1
7990,1
7991,0
7992,0
7993,1
7994,1
7995,0
7996,0
7997,1
7998,1
7999,1
8000,0
8001,1
8002,1
8003,1
8004,0
8005,0
8006,0
8007,0
8008,1
8009,0
8010,1
8011,0
8012,1
8013,1
8014,1
8015,0
8016,1
8017,0
8018,0
8019,1
8020,0
8021,1
8022,0
8023,1
8024,0
8025,0
8026,0
8027,1
8028,0
8029,1
8030,1
8031,0
8032,1
8033,1
8034,1
8035,0
8036,0
8037,0
8038,0
8039,1
8040,1
8041,1
8042,0
8043,0
8044,0
8045,0
8046,1
8047,1
8048,1
8049,0
8050,0
8051,1
8052,1
8053,0
8054,1
8055,1
8056,1
8057,0
8058,1
8059,0
8060,0
8061,0
8062,1
8063,0
8064,0
8065,1
8066,0
8067,0
8068,1
8069,1
8070,0
8071,0
8072,0
8073,1
8074,1
8075,1
8076,0
8077,0
8078,0
8079,1
8080,0
8081,0
8082,1
8083,0
8084,1
8085,1
8086,1
8087,1
8088,1
8089,0
8090,0
8091,1
8092,1
8093,1
8094,1
8095,0
8096,0
8097,0
8098,1
8099,1
8100,1
8101,1
8102,0
8103,1
8104,1
8105,1
8106,1
8107,0
8108,1
8109,1
8110,1
8111,0
8112,0
8113,0
8114,1
8115,0
8116,0
8117,0
8118,1
8119,1
8120,1
8121,0
8122,1
8123,0
8124,1
8125,0
8126,0
8127,0
8128,1
8129,0
8130,0
8131,1
8132,0
8133,1
8134,0
8135,0
8136,0
8137,0
8138,0
8139,1
8140,1
8141,0
8142,0
8143,1
8144,0
8145,1
8146,1
8147,1
8148,0
8149,1
8150,0
8151,1
8152,0
8153,0
8154,1
8155,1
8156,1
8157,1
8158,0
8159,0
8160,0
8161,0
8162,0
8163,0
8164,1
8165,0
8166,0
8167,1
8168,1
8169,1
8170,0
8171,1
8172,0
8173,0
8174,1
8175,1
8176,1
8177,0
8178,0
8179,0
8180,1
8181,1
8182,1
8183,1
8184,1
8185,0
8186,1
8187,0
8188,0
8189,0
8190,0
8191,0
8192,1
8193,0
8194,1
8195,0
8196,1
8197,0
8198,1
8199,1
8200,0
8201,0
8202,0
8203,1
8204,0
8205,0
8206,1
8207,1
8208,1
8209,1
8210,1
8211,1
8212,0
8213,1
8214,1
8215,0
8216,0
8217,1
8218,0
8219,1
8220,1
8221,1
8222,0
8223,0
8224,1
8225,1
8226,0
8227,1
8228,1
8229,1
8230,0
8231,0
8232,0
8233,1
8234,0
8235,1
8236,0
8237,1
8238,1
8239,1
8240,0
8241,0
8242,1
8243,1
8244,1
8245,0
8246,1
8247,0
8248,1
8249,1
8250,1
8251,1
8252,1
8253,0
8254,0
8255,0
8256,1
8257,0
8258,1
8259,1
8260,0
8261,0
8262,1
8263,0
8264,0
8265,0
8266,1
8267,1
8268,1
8269,1
8270,1
8271,1
8272,1
8273,1
8274,0
8275,1
8276,0
8277,0
8278,1
8279,1
8280,1
8281,1
8282,1
8283,0
8284,1
8285,0
8286,0
8287,0
8288,0
8289,0
8290,0
8291,1
8292,0
8293,0
8294,0
8295,0
8296,0
8297,1
8298,1
8299,0
8300,0
8301,0
8302,1
8303,1
8304,0
8305,1
8306,1
8307,0
8308,1
8309,1
8310,1
8311,0
8312,0
8313,0
8314,0
8315,0
8316,0
8317,0
8318,0
8319,0
8320,1
8321,1
8322,1
8323,0
8324,0
8325,0
8326,1
8327,0
8328,1
8329,1
8330,0
8331,0
8332,0
8333,1
8334,1
8335,0
8336,1
8337,1
8338,0
8339,0
8340,1
8341,1
8342,0
8343,0
8344,1
8345,1
8346,1
8347,0
8348,1
8349,0
8350,0
8351,1
8352,0
8353,0
8354,0
8355,1
8356,0
8357,0
8358,0
8359,1
8360,1
8361,1
8362,0
8363,0
8364,1
8365,1
8366,1
8367,1
8368,1
8369,1
8370,1
8371,0
8372,0
8373,0
8374,0
8375,0
8376,1
8377,0
8378,1
8379,0
8380,1
8381,0
8382,0
8383,0
8384,1
8385,0
8386,0
8387,1
8388,1
8389,0
8390,0
8391,1
8392,0
8393,1
8394,1
8395,0
8396,0
8397,0
8398,1
8399,1
8400,0
8401,0
8402,1
8403,0
8404,1
8405,1
8406,0
8407,1
8408,0
8409,1
8410,1
8411,1
8412,1
8413,1
8414,1
8415,0
8416,0
8417,0
8418,0
8419,0
8420,0
8421,0
8422,1
8423,0
8424,1
8425,0
8426,1
8427,0
8428,0
8429,1
8430,0
8431,1
8432,0
8433,1
8434,0
8435,0
8436,0
8437,0
8438,1
8439,0
8440,1
8441,0
8442,1
8443,0
8444,1
8445,1
8446,0
8447,0
8448,0
8449,1
8450,1
8451,0
8452,1
8453,0
8454,0
8455,1
8456,0
8457,0
8458,0
8459,1
8460,1
8461,0
8462,0
8463,0
8464,0
8465,1
8466,0
8467,0
8468,1
8469,1
8470,0
8471,0
8472,1
8473,1
8474,1
8475,0
8476,1
8477,0
8478,1
8479,0
8480,1
8481,1
8482,0
8483,0
8484,0
8485,1
8486,0
8487,0
8488,1
8489,1
8490,1
8491,1
8492,1
8493,0
8494,1
8495,0
8496,1
8497,0
8498,0
8499,0
8500,1
8501,1
8502,0
8503,0
8504,1
8505,1
8506,1
8507,1
8508,1
8509,0
8510,0
8511,1
8512,0
8513,0
8514,0
8515,1
8516,0
8517,0
8518,1
8519,0
8520,0
8521,0
8522,1
8523,0
8524,1
8525,1
8526,1
8527,1
8528,1
8529,0
8530,1
8531,1
8532,1
8533,1
8534,1
8535,0
8536,0
8537,0
8538,0
8539,1
8540,0
8541,0
8542,1
8543,1
8544,0
8545,0
8546,0
8547,1
8548,1
8549,0
8550,1
8551,1
8552,1
8553,1
8554,1
8555,1
8556,0
8557,0
8558,1
8559,1
8560,0
8561,1
8562,1
8563,0
8564,0
8565,1
8566,1
8567,1
8568,1
8569,0
8570,0
8571,0
8572,1
8573,0
8574,1
8575,0
8576,0
8577,1
8578,0
8579,0
8580,0
8581,0
8582,0
8583,0
8584,1
8585,1
8586,1
8587,0
8588,0
8589,1
8590,1
8591,1
8592,0
8593,1
8594,0
8595,1
8596,0
8597,1
8598,1
8599,1
8600,0
8601,0
8602,1
8603,0
8604,0
8605,1
8606,0
8607,1
8608,0
8609,0
8610,1
8611,0
8612,0
8613,0
8614,0
8615,1
8616,0
8617,0
8618,1
8619,1
8620,1
8621,1
8622,1
8623,0
8624,1
8625,1
8626,0
8627,0
8628,0
8629,1
8630,1
8631,0
8632,1
8633,0
8634,0
8635,1
8636,0
8637,0
8638,0
8639,1
8640,1
8641,0
8642,1
8643,1
8644,1
8645,0
8646,0
8647,0
8648,0
8649,1
8650,0
8651,1
8652,0
8653,1
8654,1
8655,0
8656,0
8657,1
8658,0
8659,0
8660,0
8661,0
8662,1
8663,1
8664,1
8665,1
8666,1
8667,1
8668,1
8669,0
8670,1
8671,0
8672,0
8673,1
8674,1
8675,1
8676,0
8677,1
8678,1
8679,0
8680,0
8681,0
8682,1
8683,1
8684,0
8685,1
8686,1
8687,0
8688,1
8689,0
8690,1
8691,1
8692,0
8693,0
8694,1
8695,1
8696,0
8697,1
8698,1
8699,1
8700,1
8701,0
8702,0
8703,1
8704,0
8705,1
8706,0
8707,1
8708,1
8709,1
8710,0
8711,0
8712,0
8713,0
8714,1
8715,1
8716,0
8717,1
8718,0
8719,0
8720,1
8721,0
8722,1
8723,1
8724,0
8725,0
8726,1
8727,0
8728,1
8729,1
8730,1
8731,1
8732,1
8733,0
8734,1
8735,0
8736,1
8737,1
8738,1
8739,1
8740,0
8741,0
8742,1
8743,0
8744,1
8745,0
8746,1
8747,1
8748,0
8749,1
8750,0
8751,0
8752,1
8753,1
8754,0
8755,1
8756,0
8757,1
8758,1
8759,1
8760,1
8761,1
8762,1
8763,1
8764,0
8765,0
8766,0
8767,1
8768,0
8769,1
8770,1
8771,1
8772,0
8773,1
8774,1
8775,1
8776,0
8777,0
8778,0
8779,1
8780,1
8781,1
8782,1
8783,0
8784,1
8785,0
8786,1
8787,0
8788,0
8789,1
8790,1
8791,1
8792,0
8793,0
8794,0
8795,1
8796,0
8797,1
8798,0
8799,0
8800,1
8801,0
8802,0
8803,0
8804,1
8805,0
8806,0
8807,1
8808,1
8809,1
8810,0
8811,1
8812,0
8813,1
8814,0
8815,1
8816,0
8817,0
8818,0
8819,0
8820,1
8821,0
8822,0
8823,0
8824,1
8825,1
8826,1
8827,1
8828,1
8829,0
8830,0
8831,0
8832,1
8833,1
8834,1
8835,0
8836,0
8837,1
8838,1
8839,0
8840,1
8841,1
8842,1
8843,1
8844,0
8845,0
8846,0
8847,0
8848,1
8849,1
8850,1
8851,1
8852,1
8853,0
8854,0
8855,1
8856,0
8857,0
8858,0
8859,1
8860,1
8861,1
8862,0
8863,1
8864,0
8865,1
8866,1
8867,0
8868,1
8869,1
8870,1
8871,0
8872,0
8873,1
8874,0
8875,0
8876,1
8877,0
8878,0
8879,1
8880,1
8881,1
8882,0
8883,1
8884,1
8885,0
8886,1
8887,0
8888,0
8889,0
8890,0
8891,1
8892,0
8893,1
8894,1
8895,1
8896,0
8897,0
8898,0
8899,0
8900,1
8901,1
8902,0
8903,0
8904,1
8905,1
8906,1
8907,0
8908,0
8909,1
8910,0
8911,1
8912,1
8913,1
8914,0
8915,1
8916,0
8917,0
8918,0
8919,1
8920,0
8921,1
8922,0
8923,1
8924,0
8925,0
8926,1
8927,0
8928,1
8929,1
8930,1
8931,1
8932,0
8933,0
8934,0
8935,0
8936,1
8937,1
8938,1
8939,1
8940,1
8941,1
8942,1
8943,0
8944,0
8945,1
8946,1
8947,0
8948,0
8949,0
8950,0
8951,1
8952,0
8953,1
8954,0
8955,1
8956,1
8957,0
8958,1
8959,0
8960,1
8961,0
8962,1
8963,1
8964,0
8965,1
8966,0
8967,1
8968,0
8969,1
8970,0
8971,0
8972,1
8973,1
8974,0
8975,1
8976,0
8977,1
8978,0
8979,0
8980,1
8981,0
8982,1
8983,1
8984,0
8985,0
8986,0
8987,0
8988,0
8989,1
8990,1
8991,1
8992,1
8993,0
8994,0
8995,0
8996,0
8997,0
8998,0
8999,0
9000,1
9001,0
9002,1
9003,0
9004,1
9005,1
9006,1
9007,0
9008,0
9009,1
9010,0
9011,0
9012,1
9013,0
9014,1
9015,1
9016,0
9017,0
9018,1
9019,0
9020,0
9021,0
9022,1
9023,1
9024,1
9025,0
9026,0
9027,1
9028,1
9029,1
9030,1
9031,0
9032,0
9033,1
9034,1
9035,0
9036,0
9037,0
9038,0
9039,1
9040,0
9041,1
9042,1
9043,0
9044,0
9045,1
9046,0
9047,0
9048,0
9049,0
9050,1
9051,0
9052,0
9053,1
9054,1
9055,0
9056,0
9057,0
9058,1
9059,1
9060,1
9061,1
9062,0
9063,1
9064,1
9065,0
9066,0
9067,1
9068,0
9069,0
9070,0
9071,1
9072,0
9073,0
9074,0
9075,1
9076,1
9077,1
9078,1
9079,0
9080,1
9081,0
9082,0
9083,0
9084,0
9085,1
9086,1
9087,1
9088,0
9089,0
9090,1
9091,0
9092,1
9093,0
9094,0
9095,0
9096,1
9097,1
9098,1
9099,0
9100,0
9101,0
9102,1
9103,1
9104,0
9105,0
9106,1
9107,0
9108,0
9109,1
9110,0
9111,1
9112,0
9113,0
9114,0
9115,1
9116,1
9117,0
9118,1
9119,0
9120,1
9121,0
9122,0
9123,0
9124,0
9125,1
9126,0
9127,1
9128,0
9129,0
9130,1
9131,1
9132,1
9133,1
9134,0
9135,1
9136,0
9137,1
9138,0
9139,1
9140,1
9141,1
9142,0
9143,0
9144,0
9145,1
9146,0
9147,1
9148,0
9149,1
9150,0
9151,0
9152,0
9153,1
9154,0
9155,1
9156,0
9157,1
9158,0
9159,0
9160,0
9161,1
9162,1
9163,1
9164,1
9165,1
9166,1
9167,1
9168,0
9169,0
9170,1
9171,0
9172,0
9173,0
9174,1
9175,0
9176,0
9177,1
9178,1
9179,0
9180,1
9181,0
9182,0
9183,1
9184,0
9185,0
9186,0
9187,1
9188,1
9189,1
9190,0
9191,1
9192,1
9193,1
9194,0
9195,1
9196,0
9197,0
9198,1
9199,1
9200,1
9201,0
9202,1
9203,0
9204,1
9205,1
9206,0
9207,0
9208,0
9209,0
9210,0
9211,1
9212,1
9213,0
9214,0
9215,0
9216,0
9217,1
9218,1
9219,1
9220,0
9221,0
9222,1
9223,0
9224,0
9225,0
9226,1
9227,0
9228,0
9229,0
9230,1
9231,0
9232,0
9233,1
9234,1
9235,1
9236,1
9237,0
9238,1
9239,1
9240,0
9241,0
9242,0
9243,1
9244,0
9245,0
9246,0
9247,0
9248,0
9249,1
9250,1
9251,0
9252,1
9253,0
9254,1
9255,1
9256,0
9257,1
9258,0
9259,1
9260,0
9261,0
9262,1
9263,0
9264,0
9265,0
9266,1
9267,0
9268,1
9269,1
9270,1
9271,1
9272,0
9273,0
9274,1
9275,1
9276,0
9277,1
9278,0
9279,1
9280,1
9281,0
9282,1
9283,0
9284,1
9285,1
9286,0
9287,0
9288,0
9289,0
9290,1
9291,1
9292,0
9293,0
9294,0
9295,1
9296,0
9297,1
9298,1
9299,0
9300,1
9301,0
9302,0
9303,1
9304,1
9305,0
9306,0
9307,1
9308,0
9309,0
9310,1
9311,1
9312,0
9313,1
9314,1
9315,0
9316,1
9317,0
9318,1
9319,0
9320,0
9321,1
9322,1
9323,0
9324,1
9325,1
9326,0
9327,0
9328,0
9329,0
9330,0
9331,0
9332,1
9333,0
9334,1
9335,0
9336,0
9337,1
9338,0
9339,1
9340,1
9341,0
9342,0
9343,0
9344,0
9345,1
9346,1
9347,0
9348,1
9349,1
9350,0
9351,1
9352,0
9353,1
9354,0
9355,1
9356,1
9357,0
9358,1
9359,1
9360,1
9361,1
9362,1
9363,0
9364,1
9365,0
9366,1
9367,0
9368,0
9369,0
9370,1
9371,1
9372,0
9373,1
9374,1
9375,1
9376,0
9377,1
9378,0
9379,0
9380,1
9381,0
9382,0
9383,1
9384,0
9385,1
9386,0
9387,0
9388,1
9389,1
9390,1
9391,0
9392,1
9393,1
9394,0
9395,0
9396,0
9397,1
9398,1
9399,0
9400,1
9401,0
9402,1
9403,1
9404,0
9405,0
9406,0
9407,0
9408,1
9409,0
9410,0
9411,0
9412,0
9413,0
9414,1
9415,0
9416,0
9417,1
9418,0
9419,1
9420,1
9421,1
9422,1
9423,1
9424,0
9425,1
9426,1
9427,1
9428,0
9429,1
9430,1
9431,1
9432,0
9433,0
9434,0
9435,1
9436,1
9437,0
9438,0
9439,1
9440,0
9441,1
9442,0
9443,1
9444,0
9445,0
9446,1
9447,0
9448,1
9449,1
9450,0
9451,0
9452,0
9453,1
9454,1
9455,0
9456,0
9457,0
9458,0
9459,1
9460,0
9461,0
9462,0
9463,0
9464,0
9465,1
9466,0
9467,1
9468,0
9469,1
9470,1
9471,0
9472,0
9473,1
9474,1
9475,1
9476,1
9477,1
9478,1
9479,0
9480,1
9481,1
9482,1
9483,0
9484,1
9485,1
9486,0
9487,1
9488,1
9489,1
9490,0
9491,1
9492,1
9493,1
9494,0
9495,0
9496,1
9497,0
9498,0
9499,0
9500,0
9501,1
9502,1
9503,1
9504,1
9505,0
9506,1
9507,1
9508,0
9509,1
9510,0
9511,1
9512,0
9513,0
9514,0
9515,1
9516,1
9517,1
9518,1
9519,1
9520,0
9521,1
9522,1
9523,0
9524,1
9525,1
9526,0
9527,1
9528,0
9529,0
9530,1
9531,0
9532,0
9533,1
9534,0
9535,1
9536,0
9537,1
9538,0
9539,0
9540,1
9541,0
9542,1
9543,1
9544,1
9545,1
9546,0
9547,1
9548,1
9549,1
9550,1
9551,0
9552,0
9553,0
9554,0
9555,0
9556,0
9557,0
9558,0
9559,1
9560,1
9561,1
9562,1
9563,0
9564,1
9565,1
9566,0
9567,0
9568,0
9569,0
9570,0
9571,1
9572,0
9573,0
9574,0
9575,0
9576,1
9577,1
9578,0
9579,0
9580,1
9581,0
9582,1
9583,1
9584,0
9585,0
9586,0
9587,0
9588,0
9589,1
9590,1
9591,1
9592,0
9593,0
9594,0
9595,1
9596,1
9597,1
9598,1
9599,1
9600,0
9601,0
9602,1
9603,0
9604,0
9605,0
9606,0
9607,1
9608,0
9609,1
9610,0
9611,1
9612,0
9613,0
9614,1
9615,0
9616,0
9617,0
9618,1
9619,1
9620,1
9621,1
9622,0
9623,0
9624,1
9625,1
9626,1
9627,1
9628,1
9629,0
9630,1
9631,0
9632,0
9633,1
9634,0
9635,0
9636,0
9637,1
9638,1
9639,0
9640,1
9641,1
9642,0
9643,0
9644,1
9645,0
9646,0
9647,0
9648,1
9649,0
9650,0
9651,1
9652,1
9653,1
9654,0
9655,1
9656,0
9657,1
9658,0
9659,0
9660,0
9661,0
9662,1
9663,0
9664,1
9665,0
9666,0
9667,1
9668,1
9669,0
9670,1
9671,0
9672,0
9673,1
9674,0
9675,1
9676,1
9677,0
9678,0
9679,0
9680,0
9681,0
9682,1
9683,0
9684,0
9685,1
9686,0
9687,1
9688,1
9689,0
9690,1
9691,1
9692,0
9693,1
9694,0
9695,0
9696,1
9697,0
9698,0
9699,1
9700,1
9701,0
9702,1
9703,0
9704,1
9705,0
9706,1
9707,1
9708,0
9709,1
9710,1
9711,0
9712,0
9713,0
9714,1
9715,1
9716,1
9717,1
9718,1
9719,1
9720,1
9721,1
9722,1
9723,0
9724,1
9725,0
9726,0
9727,0
9728,0
9729,1
9730,0
9731,1
9732,1
9733,1
9734,0
9735,0
9736,0
9737,0
9738,1
9739,1
9740,1
9741,0
9742,0
9743,1
9744,0
9745,0
9746,0
9747,0
9748,1
9749,0
9750,0
9751,0
9752,1
9753,1
9754,1
9755,0
9756,0
9757,1
9758,0
9759,1
9760,0
9761,0
9762,1
9763,0
9764,1
9765,1
9766,0
9767,1
9768,0
9769,1
9770,1
9771,0
9772,1
9773,0
9774,0
9775,0
9776,0
9777,1
9778,1
9779,0
9780,0
9781,0
9782,0
9783,1
9784,0
9785,0
9786,0
9787,1
9788,0
9789,0
9790,0
9791,1
9792,1
9793,0
9794,1
9795,1
9796,1
9797,0
9798,0
9799,0
9800,0
9801,0
9802,1
9803,1
9804,0
9805,0
9806,1
9807,0
9808,0
9809,0
9810,0
9811,0
9812,0
9813,1
9814,0
9815,1
9816,0
9817,1
9818,1
9819,0
9820,0
9821,1
9822,0
9823,1
9824,1
9825,1
9826,0
9827,1
9828,1
9829,1
9830,1
9831,0
9832,0
9833,0
9834,1
9835,0
9836,0
9837,0
9838,1
9839,0
9840,1
9841,0
9842,0
9843,1
9844,0
9845,0
9846,0
9847,0
9848,0
9849,0
9850,0
9851,0
9852,0
9853,0
9854,0
9855,0
9856,1
9857,0
9858,1
9859,0
9860,0
9861,0
9862,1
9863,0
9864,0
9865,0
9866,0
9867,1
9868,1
9869,1
9870,0
9871,0
9872,1
9873,0
9874,1
9875,1
9876,0
9877,1
9878,1
9879,1
9880,1
9881,0
9882,1
9883,1
9884,0
9885,1
9886,0
9887,0
9888,1
9889,0
9890,1
9891,0
9892,1
9893,0
9894,1
9895,1
9896,1
9897,0
9898,0
9899,0
9900,0
9901,0
9902,1
9903,0
9904,1
9905,0
9906,0
9907,1
9908,0
9909,1
9910,1
9911,1
9912,0
9913,1
9914,1
9915,1
9916,0
9917,1
9918,1
9919,1
9920,0
9921,0
9922,1
9923,0
9924,1
9925,0
9926,0
9927,0
9928,0
9929,0
9930,1
9931,1
9932,1
9933,1
9934,0
9935,0
9936,0
9937,0
9938,0
9939,1
9940,0
9941,1
9942,1
9943,0
9944,0
9945,1
9946,1
9947,1
9948,0
9949,0
9950,0
9951,0
9952,0
9953,0
9954,0
9955,1
9956,1
9957,0
9958,0
9959,1
9960,0
9961,0
9962,1
9963,1
9964,0
9965,0
9966,0
9967,1
9968,0
9969,0
9970,1
9971,1
9972,0
9973,1
9974,0
9975,1
9976,0
9977,1
9978,1
9979,1
9980,0
9981,0
9982,0
9983,1
9984,0
9985,1
9986,0
9987,1
9988,0
9989,1
9990,0
9991,0
9992,1
9993,1
9994,0
9995,1
9996,1
9997,0
9998,0
9999,0
10000,1
10001,1
10002,1
10003,0
10004,0
10005,1
10006,1
10007,0
10008,1
10009,1
10010,1
10011,1
10012,1
10013,1
10014,0
10015,0
10016,0
10017,1
10018,1
10019,0
10020,1
10021,0
10022,0
10023,0
10024,0
10025,0
10026,1
10027,0
10028,0
10029,1
10030,0
10031,0
10032,0
10033,0
10034,0
10035,1
10036,0
10037,1
10038,0
10039,0
10040,0
10041,0
10042,0
10043,1
10044,1
10045,0
10046,0
10047,1
10048,1
10049,0
10050,0
10051,1
10052,1
10053,0
10054,0
10055,0
10056,1
10057,0
10058,1
10059,1
10060,1
10061,1
10062,1
10063,1
10064,0
10065,0
10066,1
10067,0
10068,0
10069,0
10070,0
10071,1
10072,1
10073,0
10074,1
10075,0
10076,0
10077,0
10078,0
10079,1
10080,1
10081,1
10082,1
10083,1
10084,0
10085,1
10086,1
10087,1
10088,1
10089,1
10090,1
10091,0
10092,0
10093,0
10094,1
10095,0
10096,1
10097,1
10098,0
10099,1
10100,0
10101,0
10102,0
10103,0
10104,0
10105,0
10106,0
10107,1
10108,0
10109,1
10110,1
10111,0
10112,0
10113,0
10114,0
10115,1
10116,1
10117,1
10118,1
10119,1
10120,1
10121,0
10122,1
10123,1
10124,1
10125,0
10126,1
10127,0
10128,1
10129,0
10130,0
10131,0
10132,0
10133,0
10134,0
10135,0
10136,1
10137,1
10138,1
10139,0
10140,0
10141,0
10142,0
10143,1
10144,1
10145,1
10146,1
10147,1
10148,0
10149,0
10150,1
10151,1
10152,0
10153,1
10154,1
10155,0
10156,0
10157,0
10158,0
10159,0
10160,1
10161,1
10162,0
10163,1
10164,1
10165,0
10166,1
10167,1
10168,0
10169,1
10170,0
10171,1
10172,1
10173,1
10174,1
10175,0
10176,1
10177,0
10178,1
10179,0
10180,1
10181,0
10182,0
10183,1
10184,0
10185,0
10186,0
10187,0
10188,1
10189,0
10190,0
10191,0
10192,0
10193,1
10194,1
10195,0
10196,0
10197,1
10198,0
10199,0
10200,1
10201,1
10202,0
10203,1
10204,1
10205,0
10206,1
10207,1
10208,1
10209,0
10210,1
10211,0
10212,1
10213,1
10214,0
10215,0
10216,0
10217,0
10218,0
10219,0
10220,0
10221,1
10222,1
10223,1
10224,1
10225,0
10226,1
10227,1
10228,1
10229,1
10230,1
10231,1
10232,0
10233,1
10234,0
10235,1
10236,0
10237,0
10238,1
10239,0
10240,1
10241,0
10242,1
10243,1
10244,0
10245,0
10246,0
10247,1
10248,1
10249,1
10250,0
10251,0
10252,0
10253,0
10254,0
10255,0
10256,0
10257,1
10258,0
10259,1
10260,1
10261,0
10262,1
10263,1
10264,0
10265,0
10266,0
10267,1
10268,1
10269,1
10270,0
10271,0
10272,1
10273,1
10274,1
10275,0
10276,1
10277,0
10278,0
10279,1
10280,0
10281,1
10282,0
10283,1
10284,1
10285,1
10286,1
10287,1
10288,0
10289,1
10290,0
10291,1
10292,0
10293,0
10294,0
10295,1
10296,0
10297,0
10298,1
10299,0
10300,0
10301,0
10302,1
10303,0
10304,1
10305,0
10306,1
10307,0
10308,0
10309,0
10310,1
10311,0
10312,0
10313,0
10314,0
10315,1
10316,0
10317,1
10318,1
10319,0
10320,1
10321,0
10322,0
10323,0
10324,0
10325,1
10326,1
10327,1
10328,1
10329,1
10330,1
10331,1
10332,1
10333,0
10334,0
10335,1
10336,0
10337,0
10338,1
10339,0
10340,1
10341,0
10342,0
10343,1
10344,1
10345,0
10346,0
10347,0
10348,1
10349,0
10350,1
10351,1
10352,1
10353,1
10354,1
10355,1
10356,0
10357,1
10358,1
10359,1
10360,1
10361,1
10362,1
10363,1
10364,0
10365,0
10366,0
10367,1
10368,1
10369,0
10370,1
10371,1
10372,1
10373,0
10374,0
10375,0
10376,1
10377,1
10378,1
10379,0
10380,1
10381,0
10382,1
10383,1
10384,1
10385,1
10386,1
10387,0
10388,1
10389,1
10390,1
10391,0
10392,1
10393,0
10394,0
10395,0
10396,0
10397,1
10398,1
10399,1
10400,0
10401,1
10402,0
10403,0
10404,0
10405,0
10406,1
10407,1
10408,0
10409,0
10410,1
10411,0
10412,0
10413,0
10414,1
10415,0
10416,1
10417,1
10418,1
10419,1
10420,0
10421,0
10422,1
10423,0
10424,1
10425,1
10426,0
10427,1
10428,0
10429,0
10430,1
10431,0
10432,1
10433,0
10434,0
10435,1
10436,1
10437,1
10438,0
10439,1
10440,0
10441,0
10442,0
10443,0
10444,0
10445,1
10446,1
10447,1
10448,1
10449,0
10450,0
10451,1
10452,0
10453,1
10454,1
10455,0
10456,1
10457,1
10458,1
10459,1
10460,1
10461,1
10462,1
10463,0
10464,1
10465,1
10466,0
10467,1
10468,1
10469,0
10470,1
10471,1
10472,0
10473,0
10474,1
10475,0
10476,0
10477,1
10478,1
10479,0
10480,1
10481,0
10482,0
10483,1
10484,0
10485,0
10486,0
10487,1
10488,1
10489,0
10490,1
10491,1
10492,0
10493,1
10494,1
10495,1
10496,0
10497,0
10498,1
10499,0
10500,0
10501,0
10502,0
10503,1
10504,1
10505,1
10506,0
10507,1
10508,1
10509,1
10510,0
10511,1
10512,0
10513,0
10514,0
10515,1
10516,0
10517,0
10518,0
10519,0
10520,1
10521,1
10522,1
10523,0
10524,0
10525,1
10526,1
10527,1
10528,0
10529,1
10530,1
10531,1
10532,0
10533,0
10534,1
10535,0
10536,1
10537,0
10538,0
10539,0
10540,0
10541,1
10542,0
10543,1
10544,1
10545,1
10546,0
10547,0
10548,1
10549,1
10550,1
10551,1
10552,0
10553,1
10554,1
10555,0
10556,0
10557,0
10558,1
10559,0
10560,0
10561,1
10562,0
10563,0
10564,0
10565,1
10566,0
10567,1
10568,0
10569,1
10570,1
10571,0
10572,1
10573,0
10574,1
10575,0
10576,0
10577,1
10578,0
10579,0
10580,1
10581,1
10582,1
10583,1
10584,1
10585,1
10586,1
10587,1
10588,1
10589,0
10590,1
10591,0
10592,1
10593,0
10594,0
10595,0
10596,0
10597,1
10598,1
10599,0
10600,1
10601,1
10602,1
10603,1
10604,0
10605,0
10606,0
10607,1
10608,0
10609,1
10610,0
10611,1
10612,0
10613,0
10614,0
10615,1
10616,0
10617,1
10618,0
10619,1
10620,1
10621,0
10622,0
10623,0
10624,0
10625,1
10626,1
10627,1
10628,1
10629,1
10630,1
10631,0
10632,0
10633,1
10634,1
10635,0
10636,1
10637,1
10638,1
10639,0
10640,1
10641,1
10642,1
10643,1
10644,1
10645,0
10646,0
10647,1
10648,1
10649,0
10650,0
10651,0
10652,0
10653,1
10654,1
10655,0
10656,0
10657,1
10658,1
10659,1
10660,1
10661,1
10662,0
10663,0
10664,1
10665,1
10666,1
10667,0
10668,1
10669,1
10670,0
10671,1
10672,0
10673,0
10674,1
10675,0
10676,1
10677,1
10678,1
10679,0
10680,0
10681,0
10682,1
10683,1
10684,1
10685,0
10686,0
10687,0
10688,1
10689,1
10690,0
10691,1
10692,1
10693,1
10694,1
10695,0
10696,1
10697,0
10698,0
10699,1
10700,1
10701,1
10702,0
10703,0
10704,0
10705,0
10706,1
10707,0
10708,1
10709,0
10710,1
10711,1
10712,0
10713,0
10714,0
10715,1
10716,0
10717,1
10718,0
10719,1
10720,1
10721,0
10722,0
10723,1
10724,0
10725,0
10726,1
10727,1
10728,1
10729,1
10730,0
10731,1
10732,1
10733,1
10734,1
10735,1
10736,1
10737,0
10738,1
10739,1
10740,0
10741,1
10742,1
10743,1
10744,0
10745,1
10746,0
10747,0
10748,0
10749,1
10750,1
10751,0
10752,0
10753,1
10754,0
10755,1
10756,0
10757,0
10758,1
10759,1
10760,1
10761,0
10762,0
10763,1
10764,1
10765,0
10766,1
10767,1
10768,0
10769,1
10770,1
10771,0
10772,1
10773,1
10774,0
10775,1
10776,1
10777,0
10778,0
10779,0
10780,0
10781,1
10782,0
10783,0
10784,0
10785,1
10786,0
10787,1
10788,0
10789,0
10790,1
10791,1
10792,0
10793,1
10794,0
10795,1
10796,1
10797,0
10798,1
10799,1
10800,1
10801,0
10802,0
10803,1
10804,0
10805,0
10806,0
10807,1
10808,1
10809,1
10810,0
10811,1
10812,1
10813,1
10814,1
10815,1
10816,1
10817,1
10818,1
10819,0
10820,0
10821,1
10822,0
10823,0
10824,0
10825,0
10826,1
10827,0
10828,1
10829,0
10830,1
10831,1
10832,1
10833,0
10834,0
10835,1
10836,1
10837,0
10838,0
10839,0
10840,0
10841,0
10842,0
10843,1
10844,1
10845,1
10846,1
10847,0
10848,0
10849,0
10850,1
10851,0
10852,1
10853,0
10854,1
10855,1
10856,1
10857,0
10858,1
10859,1
10860,0
10861,1
10862,0
10863,0
10864,1
10865,1
10866,0
10867,1
10868,1
10869,1
10870,0
10871,1
10872,0
10873,0
10874,1
10875,0
10876,1
10877,1
10878,0
10879,0
10880,1
10881,0
10882,1
10883,1
10884,1
10885,0
10886,0
10887,1
10888,1
10889,0
10890,1
10891,0
10892,1
10893,1
10894,1
10895,0
10896,1
10897,1
10898,0
10899,0
10900,1
10901,1
10902,1
10903,1
10904,0
10905,1
10906,0
10907,0
10908,0
10909,1
10910,0
10911,1
10912,0
10913,1
10914,1
10915,0
10916,0
10917,0
10918,1
10919,0
10920,1
10921,1
10922,1
10923,0
10924,0
10925,1
10926,0
10927,0
10928,1
10929,0
10930,0
10931,0
10932,1
10933,0
10934,0
10935,1
10936,0
10937,1
10938,1
10939,1
10940,0
10941,1
10942,0
10943,1
10944,1
10945,0
10946,0
10947,1
10948,1
10949,0
10950,0
10951,1
10952,1
10953,1
10954,1
10955,0
10956,1
10957,0
10958,1
10959,1
10960,0
10961,0
10962,0
10963,0
10964,1
10965,0
10966,0
10967,1
10968,1
10969,0
10970,1
10971,0
10972,0
10973,0
10974,1
10975,0
10976,0
10977,0
10978,0
10979,1
10980,1
10981,0
10982,1
10983,0
10984,0
10985,0
10986,0
10987,1
10988,0
10989,1
10990,1
10991,0
10992,0
10993,0
10994,0
10995,1
10996,0
10997,1
10998,0
10999,0
11000,1
11001,0
11002,0
11003,0
11004,1
11005,0
11006,0
11007,1
11008,0
11009,0
11010,0
11011,1
11012,1
11013,1
11014,1
11015,1
11016,1
11017,1
11018,0
11019,1
11020,0
11021,1
11022,1
11023,0
11024,1
11025,1
11026,1
11027,1
11028,1
11029,1
11030,1
11031,0
11032,1
11033,0
11034,1
11035,0
11036,1
11037,0
11038,0
11039,0
11040,1
11041,1
11042,1
11043,1
11044,1
11045,1
11046,1
11047,0
11048,1
11049,1
11050,1
11051,0
11052,1
11053,1
11054,0
11055,0
11056,0
11057,1
11058,1
11059,0
11060,1
11061,0
11062,0
11063,0
11064,0
11065,1
11066,0
11067,1
11068,1
11069,0
11070,0
11071,1
11072,1
11073,1
11074,1
11075,0
11076,0
11077,1
11078,1
11079,1
11080,1
11081,1
11082,1
11083,1
11084,1
11085,0
11086,1
11087,0
11088,0
11089,1
11090,1
11091,1
11092,1
11093,1
11094,1
11095,1
11096,1
11097,0
11098,0
11099,1
11100,0
11101,1
11102,0
11103,1
11104,1
11105,1
11106,0
11107,1
11108,1
11109,0
11110,0
11111,1
11112,1
11113,0
11114,1
11115,0
11116,0
11117,1
11118,0
11119,0
11120,0
11121,1
11122,1
11123,0
11124,1
11125,1
11126,1
11127,0
11128,1
11129,0
11130,0
11131,0
11132,1
11133,0
11134,1
11135,0
11136,1
11137,1
11138,0
11139,1
11140,0
11141,0
11142,0
11143,0
11144,0
11145,1
11146,0
11147,1
11148,1
11149,0
11150,0
11151,0
11152,1
11153,1
11154,1
11155,1
11156,0
11157,0
11158,1
11159,1
11160,1
11161,1
11162,0
11163,1
11164,0
11165,0
11166,0
11167,0
11168,0
11169,1
11170,1
11171,0
11172,0
11173,0
11174,1
11175,1
11176,0
11177,1
11178,1
11179,0
11180,0
11181,0
11182,0
11183,1
11184,1
11185,1
11186,1
11187,1
11188,1
11189,0
11190,1
11191,1
11192,1
11193,0
11194,1
11195,0
11196,1
11197,0
11198,0
11199,1
11200,0
11201,1
11202,0
11203,0
11204,1
11205,1
11206,1
11207,1
11208,0
11209,1
11210,1
11211,0
11212,1
11213,0
11214,0
11215,0
11216,0
11217,1
11218,0
11219,1
11220,1
11221,0
11222,0
11223,0
11224,1
11225,0
11226,0
11227,0
11228,1
11229,0
11230,0
11231,0
11232,0
11233,1
11234,1
11235,0
11236,1
11237,0
11238,0
11239,0
11240,0
11241,1
11242,0
11243,1
11244,0
11245,1
11246,1
11247,1
11248,1
11249,1
11250,1
11251,1
11252,0
11253,0
11254,0
11255,1
11256,1
11257,0
11258,1
11259,1
11260,1
11261,0
11262,0
11263,1
11264,0
11265,1
11266,0
11267,0
11268,0
11269,1
11270,1
11271,0
11272,0
11273,1
11274,1
11275,0
11276,1
11277,0
11278,0
11279,1
11280,1
11281,0
11282,0
11283,1
11284,1
11285,0
11286,0
11287,1
11288,0
11289,0
11290,1
11291,0
11292,0
11293,0
11294,1
11295,0
11296,0
11297,1
11298,0
11299,0
11300,0
11301,0
11302,0
11303,1
11304,1
11305,0
11306,0
11307,1
11308,1
11309,1
11310,0
11311,1
11312,0
11313,1
11314,0
11315,1
11316,0
11317,0
11318,1
11319,1
11320,0
11321,1
11322,0
11323,0
11324,0
11325,0
11326,0
11327,0
11328,1
11329,0
11330,1
11331,1
11332,1
11333,0
11334,0
11335,1
11336,1
11337,0
11338,1
11339,0
11340,0
11341,0
11342,0
11343,1
11344,1
11345,0
11346,1
11347,0
11348,0
11349,0
11350,0
11351,0
11352,0
11353,1
11354,1
11355,0
11356,0
11357,0
11358,0
11359,0
11360,1
11361,0
11362,0
11363,0
11364,1
11365,0
11366,0
11367,0
11368,0
11369,0
11370,0
11371,1
11372,1
11373,1
11374,1
11375,0
11376,1
11377,0
11378,1
11379,0
11380,1
11381,0
11382,1
11383,1
11384,0
11385,0
11386,0
11387,0
11388,1
11389,0
11390,1
11391,1
11392,1
11393,1
11394,0
11395,0
11396,1
11397,1
11398,1
11399,1
11400,1
11401,0
11402,0
11403,1
11404,0
11405,1
11406,0
11407,0
11408,0
11409,1
11410,1
11411,1
11412,0
11413,1
11414,0
11415,0
11416,0
11417,0
11418,0
11419,1
11420,1
11421,0
11422,1
11423,1
11424,0
11425,1
11426,0
11427,1
11428,1
11429,1
11430,0
11431,1
11432,0
11433,1
11434,0
11435,1
11436,0
11437,1
11438,0
11439,0
11440,0
11441,0
11442,1
11443,1
11444,0
11445,1
11446,0
11447,1
11448,1
11449,0
11450,1
11451,1
11452,0
11453,0
11454,1
11455,1
11456,0
11457,0
11458,0
11459,1
11460,0
11461,0
11462,0
11463,0
11464,0
11465,0
11466,0
11467,1
11468,0
11469,0
11470,0
11471,1
11472,0
11473,1
11474,0
11475,1
11476,1
11477,1
11478,0
11479,0
11480,0
11481,0
11482,1
11483,1
11484,0
11485,0
11486,0
11487,0
11488,1
11489,1
11490,1
11491,0
11492,1
11493,1
11494,1
11495,1
11496,1
11497,0
11498,0
11499,1
11500,0
11501,1
11502,1
11503,1
11504,1
11505,1
11506,1
11507,0
11508,1
11509,1
11510,0
11511,0
11512,1
11513,0
11514,1
11515,1
11516,1
11517,0
11518,1
11519,1
11520,1
11521,0
11522,0
11523,0
11524,0
11525,1
11526,1
11527,1
11528,0
11529,0
11530,0
11531,1
11532,0
11533,1
11534,1
11535,1
11536,0
11537,0
11538,1
11539,1
11540,0
11541,1
11542,1
11543,1
11544,0
11545,1
11546,1
11547,0
11548,0
11549,1
11550,0
11551,1
11552,0
11553,0
11554,1
11555,1
11556,0
11557,0
11558,1
11559,0
11560,0
11561,0
11562,1
11563,1
11564,0
11565,0
11566,1
11567,0
11568,0
11569,0
11570,0
11571,0
11572,0
11573,1
11574,0
11575,1
11576,1
11577,1
11578,1
11579,1
11580,0
11581,0
11582,0
11583,0
11584,0
11585,1
11586,0
11587,1
11588,0
11589,1
11590,0
11591,0
11592,0
11593,0
11594,1
11595,0
11596,0
11597,1
11598,1
11599,1
11600,0
11601,1
11602,0
11603,0
11604,0
11605,0
11606,1
11607,1
11608,1
11609,1
11610,1
11611,1
11612,0
11613,1
11614,1
11615,1
11616,1
11617,0
11618,1
11619,0
11620,1
11621,1
11622,0
11623,0
11624,1
11625,1
11626,1
11627,0
11628,1
11629,1
11630,0
11631,0
11632,0
11633,1
11634,0
11635,1
11636,1
11637,1
11638,0
11639,0
11640,1
11641,1
11642,0
11643,0
11644,1
11645,0
11646,0
11647,0
11648,1
11649,1
11650,0
11651,0
11652,1
11653,1
11654,0
11655,1
11656,0
11657,0
11658,0
11659,0
11660,0
11661,1
11662,0
11663,1
11664,0
11665,1
11666,1
11667,0
11668,0
11669,1
11670,0
11671,1
11672,0
11673,1
11674,1
11675,1
11676,1
11677,0
11678,1
11679,0
11680,1
11681,1
11682,1
11683,1
11684,0
11685,0
11686,0
11687,0
11688,1
11689,0
11690,1
11691,0
11692,1
11693,0
11694,0
11695,1
11696,0
11697,0
11698,0
11699,0
11700,0
11701,1
11702,0
11703,1
11704,1
11705,1
11706,1
11707,0
11708,0
11709,0
11710,0
11711,1
11712,1
11713,0
11714,1
11715,0
11716,0
11717,0
11718,0
11719,1
11720,1
11721,0
11722,1
11723,1
11724,1
11725,1
11726,1
11727,1
11728,0
11729,1
11730,0
11731,1
11732,0
11733,0
11734,1
11735,0
11736,0
11737,1
11738,1
11739,0
11740,0
11741,1
11742,1
11743,0
11744,1
11745,1
11746,0
11747,1
11748,0
11749,0
11750,0
11751,1
11752,1
11753,0
11754,1
11755,0
11756,0
11757,0
11758,0
11759,1
11760,1
11761,1
11762,1
11763,0
11764,0
11765,0
11766,1
11767,1
11768,1
11769,0
11770,0
11771,0
11772,0
11773,0
11774,0
11775,1
11776,1
11777,1
11778,1
11779,0
11780,1
11781,1
11782,0
11783,1
11784,0
11785,1
11786,1
11787,0
11788,0
11789,0
11790,1
11791,1
11792,0
11793,0
11794,0
11795,1
11796,0
11797,1
11798,0
11799,1
11800,1
11801,0
11802,1
11803,0
11804,1
11805,0
11806,1
11807,0
11808,1
11809,1
11810,1
11811,0
11812,0
11813,0
11814,1
11815,1
11816,0
11817,1
11818,1
11819,1
11820,1
11821,1
11822,1
11823,0
11824,1
11825,1
11826,0
11827,1
11828,1
11829,1
11830,1
11831,0
11832,0
11833,0
11834,0
11835,1
11836,1
11837,1
11838,0
11839,0
11840,1
11841,1
11842,1
11843,1
11844,0
11845,0
11846,1
11847,0
11848,0
11849,1
11850,0
11851,1
11852,0
11853,1
11854,0
11855,0
11856,0
11857,1
11858,1
11859,1
11860,1
11861,0
11862,1
11863,0
11864,0
11865,0
11866,1
11867,1
11868,0
11869,0
11870,1
11871,1
11872,1
11873,0
11874,1
11875,0
11876,0
11877,0
11878,1
11879,1
11880,0
11881,0
11882,1
11883,1
11884,1
11885,0
11886,1
11887,0
11888,1
11889,1
11890,0
11891,0
11892,1
11893,0
11894,0
11895,0
11896,0
11897,1
11898,1
11899,0
11900,1
11901,1
11902,1
11903,1
11904,0
11905,1
11906,0
11907,0
11908,1
11909,1
11910,1
11911,1
11912,1
11913,0
11914,1
11915,1
11916,1
11917,0
11918,1
11919,1
11920,1
11921,1
11922,1
11923,0
11924,1
11925,0
11926,0
11927,1
11928,1
11929,1
11930,1
11931,1
11932,1
11933,0
11934,1
11935,0
11936,0
11937,0
11938,0
11939,0
11940,0
11941,0
11942,0
11943,1
11944,1
11945,0
11946,0
11947,0
11948,0
11949,1
11950,1
11951,1
11952,1
11953,1
11954,1
11955,0
11956,1
11957,1
11958,1
11959,0
11960,1
11961,1
11962,0
11963,1
11964,0
11965,1
11966,1
11967,0
11968,1
11969,1
11970,0
11971,0
11972,1
11973,1
11974,0
11975,0
11976,1
11977,0
11978,1
11979,1
11980,0
11981,1
11982,1
11983,0
11984,0
11985,1
11986,1
11987,0
11988,1
11989,1
11990,1
11991,1
11992,0
11993,0
11994,1
11995,0
11996,0
11997,0
11998,0
11999,0
12000,1
